Topic,Topic summary,Topic description,Count,% of total corpus
-1,"AI, Cheating, and Assessment Integrity in Higher Education","Educators and students discuss AI-assisted cheating, detection tools, assignment design, and online course shortcomings, emphasizing strategies to discourage misuse and improve assessment integrity.",30123,55.315
0,ChatGPT Usage and Distinctive Style,"Users discuss heavy reliance on ChatGPT, its recognizable, mansplaining tone, and colloquial prompts to ChatGPT the task, noting difficulties escaping its signature writing style.",4476,8.219
1,"LLM-assisted coding: utility, hallucinations, and expert-novice gap","Debate on LLM capabilities versus AGI, practical coding and writing uses, frequent hallucinations, and findings that experts benefit more than novices who struggle without sufficient domain knowledge",2226,4.088
2,AI-assisted coding: limits and appropriate use,"AI code generation aids simple tasks and research, but harms learning, struggles with integration and reliability; frequent mistakes demand human guidance, verification, and oversight.",862,1.583
3,Enforcing Citation Integrity in Student Papers,"Educators combat fake or missing citations by requiring annotated sources, verifying references, penalizing noncompliance, teaching citation practices, and addressing AI-generated fabrications to uphold academic honesty.",579,1.063
4,"Teaching Writing: Assignments, Feedback, and Engagement","Approaches to develop student writing: sequencing short/long essays, scalable feedback, gamified AP literature review, and in-class handwritten blue-book workflows to promote authentic, rigorous writing and curb AI misuse.",493,0.905
5,AI Replacing Software Engineers Debate,"Discussion debating whether AI/LLMs can replace software engineers, emphasizing current limitations beyond code generation, investor hype, potential job impacts, and broader socio-economic constraints.",490,0.9
6,AI and Teacher Replacement Debate,"Debate on AI in education: skeptics cite social learning and hype; proponents foresee partial replacement, larger classes, and personalized digital work, not full teacher replacement.",420,0.771
7,AI-Assisted Academic Writing,"Discussion of using AI for grammar and minor edits while preserving author’s voice, not outsourcing content; policies vary; AI’s limitations; importance of reading and practice to improve writing.",299,0.549
8,Teacher burnout and AI-era classroom challenges,"Educators describe burnout and demoralization amid AI-enabled plagiarism, hostile student behavior, weak institutional support, and the struggle to motivate learners and design rigorous courses post-COVID.",250,0.459
9,"AI and Writing Instruction: Critical Thinking, Process, and Ethics","Debate over integrating AI in writing instruction: benefits for brainstorming and summarization versus risks of plagiarism, diminished critical thinking, bias, and need for explicit guidance and process-focused pedagogy",224,0.411
10,Role of Junior Developers vs AI in Software Engineering,"Discussion on hiring juniors as long-term investment—mentorship, process improvement, pipeline to seniors—while AI augments seniors but can’t replace mid-level expertise; junior roles persist though competition rises.",222,0.408
11,Childrens Education in the AI Era,"Concerns over AI shortcuts, attention deficits, and apathy; advocates oral recitation, copywork, and quality-first pedagogy to rebuild reading stamina and critical thinking",221,0.406
12,AI-era Student Cheating and Academic Integrity,"Debate on widespread student cheating—pre- and post-AI—its perceived low risk, detection challenges, high-achiever involvement, institutional pressures, and faculty countermeasures like handwritten exams and strict AI prohibitions.",220,0.404
13,AI Detector Reliability and False Positives,"Discussion on unreliability of AI detection tools, frequent failures, and false positives undermining trust in AI detectors.",217,0.398
14,Mandating Document Version History in Student Writing,"Instructors require Google Docs or Word version/revision history and tracked edits across drafts to verify writing process, detect AI misuse, and enforce academic integrity via syllabus policies and penalties.",199,0.365
15,AI/CS Collaboration and Recruitment Posts,"Posts seeking interns, freelancers, and accountability partners to build AI automation, LLM tools, and web apps; remote, flexible, Python/React, APIs; DM if interested.",193,0.354
16,AI Detector Reliability and Humanization,"Users discuss false positives and variable accuracy (e.g., Pangram, Proofademic) in AI text detectors, plus using humanizers or edits to reduce flags.",188,0.345
17,Academic Integrity in Online Asynchronous Courses,"Debate on online asynchronous education amid AI-driven cheating; instructors pivot to in-person proctored finals, argue for limiting online coursework to preserve learning, integrity, engagement, and soft-skill development.",188,0.345
18,Em dashes as AI-writing tell and confusion with en dashes,"Discussion on em dashes as perceived AI-writing tell, misuse of en vs em dashes, and writers adjusting punctuation (hyphens) to avoid suspicion in academic contexts.",184,0.338
19,AI Student Emails and EmailJS Booking Integration,Discussion on identifying AI-written student emails and norms; plus implementation details of a booking website sending notifications via EmailJS with form fields and template parameters.,176,0.323
20,AI-Assisted Technical Interviews and Hiring,"Debate and solutions for integrating AI tools into technical interviews: detecting assistance, enabling AI-guided assessments, and evaluating candidates real-world collaboration with LLMs during coding tasks.",174,0.32
21,AI-Powered Job Applications,"Using ChatGPT and LinkedIn to tailor resumes, pass ATS, automate outreach, and scrape fresh, legit job postings while avoiding ghost jobs.",170,0.312
22,"AI Automation, Labor Displacement, and UBI","Debate over AI replacing work, concentrating wealth, reshaping capitalism and welfare; UBI feasibility, human-machine interaction preferences, and corporate-geopolitical power dynamics of ubiquitous, sovereign AI systems.",166,0.305
23,Teacher’s Letter on AI-Generated Essays,"A teacher compassionately addresses a student who used AI for an essay, critiquing pressure culture and urging authentic effort, learning, and self-discovery in writing.",166,0.305
24,Tech layoffs amid AI pivot,"Debate on tech layoffs: AI as investor narrative, disorganized cuts at Indeed, minimal SWE cuts at Google; paused projects, productivity push, CEO churn, and declining morale prompting exits.",163,0.299
25,Vibe Coding: Definition and Critique,"Discussion defines vibe coding as accepting AI-generated code without understanding; contrasts with LLM typing assistance; warns of poor maintainability, lost learning, and limited success in production",155,0.285
26,AI environmental footprint and ethical resource optimization,"Debates and simulations on generative AIs heavy energy/water demands, long-term sustainability, and ethically fraught resource-optimization actions affecting populations, including inequitable siting and extreme measures like pausing human output.",153,0.281
27,"OpenAI’s market dominance, profitability, and pricing versus competitors","Debate over OpenAI’s dominance, revenue and profitability prospects, model pricing, and comparisons with other companies including Tesla.",151,0.277
28,AI-Written Posts Detection,Determining whether posts were written by AI and recognizing AI-generated content.,149,0.274
29,Humor and Critique of AI Use in CS,"Users joke about AI “rubber ducking,” critique overreaching multi‑agent designs, and express frustration with assignments misflagged as AI-generated, reflecting skepticism and mixed sentiments toward AI tools.",146,0.268
30,Homeschooling readiness and enrichment,"Parents assess readiness, time, and minimal tools while describing enriching, social, travel- and activity-based homeschooling to cultivate curiosity, life skills, and independent learning in young children.",142,0.261
31,AI in education and academia workflows,"Educators use AI for lesson planning, scaffolds, translation, readability, emails, data checks, and automating grants, manuscripts, and student feedback.",139,0.255
32,AI Progress: Scaling Limits vs Breakthroughs,"Debate over AI progress: diminishing returns from scaling, potential algorithmic breakthroughs, hype versus reality, uncertain timelines to AGI, rapid early gains hitting technology limits and plateau.",139,0.255
33,AI Use Debate and Confusion,"Mixed messages about using AI, including denials of involvement, confusion about AI indicators, and suggestions to use or ask AI.",138,0.253
34,Detecting AI Use in Student Papers,"Educators strategies to verify authorship and address suspected AI-plagiarism: triangulating detectors, document history, comparison prompts, interviews, in-class samples, citation checks, and rubric-driven evidence before reporting.",137,0.252
35,"Phones, AI, and Responsibility in Post-COVID Schools","Teachers debate post-COVID declines in student behavior and skills, blaming phone/tech addiction and AI cheating, advocating paper work, phone bans, real consequences, and clearer parent-teacher boundaries for responsibility.",134,0.246
36,AI detector reliability in education,Opinions that AI detectors are unreliable with false positives; educators favor judgment over tools; students precheck with multiple detectors; detectors see limited use beyond classroom.,130,0.239
37,GraphRAG and AI tools for scholarly reading,"AI-driven scholarly reading: GraphRAG and research tools for literature search, summarization, and analysis, leveraging knowledge graphs, community detection, and LLMs to answer broad queries with cited, contextual insights.",126,0.231
38,Offshoring Tech to India,"Shift from body-shop outsourcing to direct hires/GCCs in India, boosting quality and lowering costs, impacting US tech jobs.",126,0.231
39,"Debate on AI Risks, Security, and Societal Impact","Discussion on whether AI endangers humanity: potential cyberwarfare, autonomous attacks, IoT dominance, and weaponization versus skepticism, hype concerns, and when public fear may materialize.",126,0.231
40,Data Science Career via a Statistics Major,"Prospective student assesses statistics major for data science career; asks about course value and needed skills (programming, projects, internships).",118,0.217
41,Pro- vs Anti-AI Debate and Everyday Use,Arguments between AI skeptics and supporters; AI framed as tool; criticism vs hate; ubiquity in recommendations; hypocrisy claims; calls for nuanced critique and adapting education.,107,0.196
42,AI in Classrooms: Teachers’ Role,"Debate over teachers using AI in classrooms: automation vs human value; AI’s personalized, bias-free tutoring benefits contrasted with fears of replacing teachers and eroding human connection.",107,0.196
43,Python Machine Learning and Deep Learning Resources & Roadmaps,"Beginner-focused roadmaps, curated math/ML book lists, and a free YouTube course covering Python-based ML/DL fundamentals, algorithms, transformers, and projects with hands-on implementations",106,0.195
44,AI-Driven Healthcare Transformation and Oncology Innovations,"Discussion of AI reshaping clinical roles, ethical patient communication, and experimental smart-polymer, imaging-guided tumor mapping and ablation concepts, highlighting impacts on nurses, physicians, and patient care",105,0.193
45,Hidden white-text prompts for AI detection in Canvas,"Educators discuss embedding hidden white-text instructions in Canvas to flag AI-generated work, implementation via CSS, testing variations, and accessibility considerations for screen readers and English language learners.",104,0.191
46,AI-assisted coding productivity,"Developers use AI assistants to find libraries, read documentation, write boilerplate, debug and optimize code, replacing extensive googling and accelerating tasks, though outputs need verification",101,0.185
47,"Workplace AI Use, Privacy, and Legal Risks","Debate over using AI at work: policy compliance, privacy breaches and leaks, legal/FERPA concerns, potential firing, client backlash, reliability issues, and employers restricting AI use.",99,0.182
48,AI-powered EdTech platforms for training and K‑12,"Founders pitch AI tools for corporate training and K‑12: auto-generated content, grading, analytics, integrations, avatars, classrooms, compliance, and pricing models; request feature priorities and adoption feedback.",98,0.18
49,US College Admissions Profiles & Advice,"High schoolers share GPA, SAT, APs, clubs, awards, and backgrounds (international, military), seeking feedback and guidance on strengthening applications to selective universities, especially STEM and business programs",97,0.178
50,AI CEOs and investor acceptance,"Debate over AI as corporate leaders: claims of existing AI CEOs, data-driven decision benefits, hype skepticism, and investor/shareholder resistance to replacing human executives.",97,0.178
51,Python vs Rust and other languages: learning paths and practical applications,"Learners debate Python’s practicality beyond data science/web, compare it with Rust/Java/JS for systems, desktop apps, threading, and discuss whether to persist with Python or switch languages.",95,0.174
52,"Remote Work, RTO, and Job Offer Trade-offs","Professionals weigh remote vs RTO, relocation, compensation, management vs IC paths, and career pivots while evaluating risky offers and internal moves.",94,0.173
53,AI Use and Cheating in Academia,Debate about using AI for academic work—some call it explicit cheating unless allowed; others argue it harms learning but isn’t cheating—plus broader ethical critiques of AI’s data and energy use.,89,0.163
54,AI Bubble Debate and Dot‑Com Parallels,"Hype, costs, and weak profits raise bubble fears; comparisons to dot‑com, potential burst, enduring tech, and significant risks to IT jobs",88,0.162
55,"Future of U.S. Higher Education: AI, Purpose, and Politics","Debates over universities’ value intensify amid AI-driven credentialing shifts, defense of residential learning’s human skills, and MAGA-era political assaults on academic freedom, funding, and research—threatening innovation and institutional autonomy.",86,0.158
56,"Peer Review: Crisis, AI, and Alternatives","Debates on peer review’s strain and paper-mill growth, skepticism of paid and AI-only reviewing, communal value of expert feedback, calls for reviewer training, and alternative publishing routes beyond journals",84,0.154
57,"Cursor AI IDE usability, model configuration, and API transparency","Users praise Cursor for coding/boilerplate help but criticize limited model configurability, opaque API/usage costs, missing logs, and emphasize transparency and thoughtful, accountable use.",78,0.143
58,Active Recall-Based Study and Retention Strategies,"Discussions on boosting exam retention using effortful spaced recall, turning notes into quizzes, minimizing prep, time management, and motivation; a student seeks strategies for MEXT exam preparation",78,0.143
59,AI and the Role of Managers,"Debate on AI replacing managers; emphasis on human accountability, flatter teams, empowered ICs, and managers focusing on goals and resource allocation; skepticism toward eliminating middle management entirely.",78,0.143
60,Academic Peer Review and Editorial Decisions,"Experiences navigating manuscript reviews: conflicting feedback, editorial decisions, resubmission or transfer choices, addressing criticisms, delays, and perseverance leading to eventual acceptance in appropriate journals.",78,0.143
61,"Graduate path selection: data-driven health, computational linguistics, and applied healthcare in Europe","Comparing MSc/PhD options (biostatistics, epidemiology, NLP, cognitive science, SLP, nursing, UX) for EU careers, emphasizing industry/academia prospects, portability, AI-resilience, and Germany/EU visa considerations.",78,0.143
62,Pushback on AI Answers in Search Engines,"Users criticize Google and other search engines for intrusive AI answers; prefer traditional results, note settings to disable AI, and clarify browser versus search engine choice.",76,0.14
63,Distrust of AI checkers,"Strong distrust in AI checkers’ reliability and usefulness; people say they don’t work, aren’t reliable, and recommend never using them.",75,0.138
64,Exam-heavy grading to counter AI-assisted cheating,"Instructors shift grading toward proctored, exam-heavy assessments, use completion-based homework, randomized quizzes, and anti-AI tasks to incentivize genuine learning and let cheaters self-select into failure.",75,0.138
65,Critique of AI hallucinations and LLM understanding,"Discussion challenges AI hallucinations framing, describing LLMs as predictive imitators without understanding; examines reliability, creativity, and scientific mimicry, mixes skepticism and humor, and advises grounding learning in trusted sources.",74,0.136
66,CS and Cybersecurity Career Paths,"Discussions on CS education and careers—cybersecurity focus, cloud vs embedded engineering, AI-driven job stability, degree relevance, certifications, and how to stand out in competitive programs.",74,0.136
67,Entry-level tech job search paradoxes and ATS/resume strategies,"ML-focused recent grads face degree/experience barriers, HR/ATS filters, and ghost postings; guidance emphasizes tailored keywords, simple formatting, early applications, and networking to secure interviews.",74,0.136
68,Choosing CS/Data Science/ML programs and transfer paths (UIUC vs Berkeley; MSU/UMN/UMass to UMich/Ivies),"Applicants compare CS/data science options, weighing fundamentals, AI focus, research, location, costs, salaries, international status, scholarships, and transfer pathways to UMich/Ivies.",72,0.132
69,"Spring Boot, Hibernate, and Supabase Troubleshooting",Issues connecting Spring Boot JPA to Supabase/Neon Postgres and invoking Supabase Edge Functions to Brevo; logs show JDBC tenant/user errors; discussion includes DI fundamentals and learning strategies.,71,0.13
70,AI Value vs Blockchain Hype,"Discussion contrasting AI’s enduring utility with blockchain/crypto’s perceived hype and gambling focus; AI seen as annoying yet valuable, blockchain viewed as silly and less useful.",67,0.123
71,Generative AI in Education: Debate and Policy,"Universities grapple with GenAI use: disclosure norms, anti-cheating measures, and concerns about undermining reasoning in mathematics, balancing tool adoption with preserving foundational understanding and academic integrity across cultures.",66,0.121
72,Academic Misconduct Reporting and AI Detection Challenges,"Faculty and students navigate cheating cases, unreliable AI detection, administrative resistance, and reporting policies, debating sanctions, due process, leniency, and rights to drop courses.",66,0.121
73,AI Integration in Education and Critical Thinking,"Debate on AI in education: prepare students for AI-driven society while prioritizing foundational and critical thinking, teaching responsible use under institutional policies without letting tools replace core learning.",65,0.119
74,AI vs Human Tutoring in Education,"Advice on learning AI and building community programs; evaluates costs, effectiveness, equity, and student behaviors when using AI assistants versus traditional tutoring",65,0.119
75,AI-Assisted Essay Feedback and Ethical Grading Practices,"Teachers calibrate AI to rubrics for timely, actionable essay feedback, not final grades; emphasize transparency, fairness, and balancing low-latency feedback with detailed, student-centered commentary",65,0.119
76,Google Gemini/Firebase Studio vs Legacy Research Software,"Discussion of Google’s Gemini AI Pro and Firebase Studio—features, costs, impact on education—contrasted with critiques of legacy proprietary tools (EndNote, LabVIEW, Igor Pro) and push for open-source, reproducible workflows.",64,0.118
77,Speculative AI Investment Bubble,"Debate over speculative AI investments, venture capital hype, limited ROI, data scarcity, and expectations of slower progress while some profit before a potential bubble bursts.",64,0.118
78,Privacy-Respecting System-Wide Online Exam Proctoring,"Critiques flawed lockdown browsers and proposes a scalable, privacy-first proctoring app that monitors screens and behavior to flag cheating, mitigates VMs/multi-monitor gaps, and invites educators to pilot.",63,0.116
79,Grammarly AI usage and detection in education,"Discussion of Grammarlys generative AI features, company pivot, and concerns in schools about AI detection flagging Grammarly-edited writing, leading to discouraging or banning its use.",63,0.116
80,AI-Powered Study Tool Feedback Survey,Student developer seeks survey feedback on an AI tool converting notes and past quizzes into practice exams to promote active studying; participants get a free month; app free initially.,61,0.112
81,AI-Resilient Assessment Design in Higher Education,"Strategies to curb AI-assisted cheating through iterative writing, authentic service-learning projects, diversified assessments, proctored exams, peer accountability, and aligning incentives to promote genuine learning and robust evaluation.",61,0.112
82,Software Engineering Job Market and Skills Gap,"Debate on tech hiring: layoffs, AI shifting headcount, coder vs engineer demand, and academia–industry skills gap affecting CS graduates and entry-level opportunities.",61,0.112
83,AI Job Replacement and Upskilling,"Debate on AI replacing humans, emphasizing that non-users risk being replaced by AI-savvy people.",60,0.11
84,PhD pathways to AI/ML research and academic careers,"Discussion of pursuing AI/ML research careers, emphasizing paid PhD routes, research experience, publishing, elite advisors, academic hiring processes, funding fit, and university investment in new faculty.",59,0.108
85,Trump’s AI Education Order and School Funding Concerns,"Debate over Trump’s executive order promoting AI training for students and educators, clarifying it doesn’t replace teachers, alongside concerns about school funding cuts, enrollment declines, and staff/student anxiety.",59,0.108
86,Perplexity Comet Browser Student Promo,"Students can download Comet and get a free month of Perplexity Pro via SheerID verification; referrals extend access; features include agentic research, auto summaries, and persistent context",58,0.107
87,Skepticism about Ethical AI,"Skeptical discourse arguing ethical AI is a misnomer, questioning claims of ethical use and challenging the possibility of truly ethical artificial intelligence.",58,0.107
88,Lecture and interview transcription for academia,"Students and researchers seek accurate, privacy-safe, often free alternatives to Otter.ai for transcribing lectures/interviews, using phone apps, Atlas.ti, Notion AI, and AI cleanup workflows for accessibility.",57,0.105
89,AI grading skepticism and student discomfort,"Discussion expresses distrust of AI grading due to inaccuracy, black-box decisions, grade appeals, and inflated grades; students largely uncomfortable, with potential acceptance if explainability improves and usage normalizes.",56,0.103
90,AI Integration in Higher Education,"CSU announces systemwide AI partnerships and tools like ChatGPT, while Ohio State reorients degrees for AI fluency; faculty discuss workshops, integration challenges, and concerns about realistic implementation and training.",56,0.103
91,AI in Education Debates and Tone,"Educators discuss AIs role, defending ethical classroom uses, facing accusations, and analyzing argumentative tone, defensiveness, and ad hominem in online posts and responses",56,0.103
92,Presentation Tools and Dynamic Animation Processing,"Discussion of slide design/workflows, AI-assisted presentation tools, and backend techniques to dynamically edit and render Pivot/MP/GIF animations with text and avatars using Node.js/FFmpeg.",56,0.103
93,Trust and Accuracy of AI Outputs,"Debates on AI reliability: cross-checking, model improvements, epistemic limits, data biases, context ambiguity, and misinformation causing hallucinations; caution and verification needed.",55,0.101
94,Legal Web Data Collection for Social Listening and Price Intelligence,"Python-based APIs and browser agents to legally gather social and e-commerce data with location filters, NLP sentiment analysis, MongoDB storage, and React dashboards.",54,0.099
95,AI vs Calculators in Education,"Debate comparing AI to calculators: balancing tool use with foundational arithmetic mastery, number sense, and assessment; shifting from manual computation to reasoning while managing classroom policies and resource concerns",54,0.099
96,Ethics and Role of AI in Art,"Debate on using AI-generated references, originality, credit, human creativity, hybrid practices, and evolving acceptance of AI in commercial and fine art and education.",54,0.099
97,Fast-review journal options for theoretical ML paper,"After Pattern Recognition rejection, author seeks reputable, faster-review ML journals. Considering JMLR and Neural Networks for a theoretical loss-function paper criticized for lacking real-world experiments.",54,0.099
98,GenAI Impact on Critical Thinking and Pedagogy,"Educators and workers report eroding critical thinking as GenAI enables cognitive offloading; confidence shapes scrutiny, shifting critical thinking toward verification, integration, and task stewardship, prompting AI-enhanced, targeted critical-thinking pedagogy.",53,0.097
99,Turnitin AI Detection Disputes and False Positives,"Reports of false AI/plagiarism flags, opaque scoring, detector misuse, Grammarly misclassification, rights concerns, and appeals as institutions reconsider or disable AI detection.",53,0.097
100,Anti-AI subreddit downvoting and meta-complaints,"Debate over AI use sparks meta-complaints and heavy downvoting in an anti-AI subreddit, with some praising practical AI help and others decrying clichés and rampant cheating.",53,0.097
101,Prompt Engineering Learning and Careers,"Resources, skills, and day-to-day work of prompt engineering, including courses, video series, and platforms to learn and monetize effective prompting",52,0.095
102,Beginner roadmap: Web development (MERN) vs AI,"New CS learners seek guidance on choosing web development stacks (HTML/CSS, JavaScript, React, Node/MERN, Django) versus AI, covering career scope, project ideas, and balancing studies, consistency, and mental health.",52,0.095
103,Tech career struggles and imposter syndrome,"Posts describe toxic companies, mismanaged promotions, burnout, difficult job hunts, and starting higher-paying roles with imposter syndrome, shaky coding confidence, and stress amid senior teams and intense expectations.",51,0.094
104,AI reshapes developer roles; web development oversupply,"Web development is oversaturated and squeezed by no-code; hiring shifts favor math, writing, and spec-to-code skills; fewer implementation roles; consider alternatives and full-stack beyond front end.",51,0.094
105,AI Copyright Debate and Napster Analogy,"Debate over AI firms scraping copyrighted content, fair use, liability, and regulation, with comparisons to Napster and concerns about academic cheating and impacts on education and online degrees.",49,0.09
106,OCR-to-AI Copy-Paste Workflow,"Copy-paste workflows for AI-assisted writing using OCR-extracted text; Notepad normalization; avoiding hand typing; debate over efficiency, control, and whether copy-paste constitutes AI use.",49,0.09
107,AI Glasses and Exam Integrity,"Debating risks of students using Meta/AI smart glasses to cheat during exams, detection challenges, device limitations (voice, displays), costs, and disability accommodation considerations.",48,0.088
108,Education Forums and Online Discussion Boards,"How education forums and online discussion boards support learning, community, and policy dialogue through thoughtful design and moderation, while addressing inclusivity, technology, pedagogy, and engagement challenges.",46,0.084
109,Academic Presentations and Canvas AI Tools,"Grad student anxiety presenting research and ML slides; plus detailed notes and critique of Instructures Canvas AI demo for course admin, assignment creation, and AI conversation assessments.",46,0.084
110,Coding Fundamentals vs AI Tools for a Young Beginner,Family debate over a young brothers path: coding fundamentals and problem-solving versus relying on AI tools and vibe coding for creative projects.,45,0.083
111,"Developer Career Strategy: Python, Docker, AI, Fundamentals","Insights from developer survey and guidance on learning paths: prioritize Python, Docker, cloud; collaborate with AI; master fundamentals; JavaScript/postgres solid; self-taught, bootcamp, or CS options.",45,0.083
112,AI Plagiarism Ethics Debate,"Debate on AI-generated text as plagiarism: originality vs copying, permission, ownership of sources, and ethical considerations when integrating AI into writing",44,0.081
113,Career shift from creative to tech,"Animators and students facing burnout, low motivation, and AI uncertainty seek stable STEM options (software, cybersecurity, healthcare) and guidance on meaningful, relocatable careers",44,0.081
114,GitHub Copilot and AI Coding Agents,"Discussion of GitHub Copilot usage limits and effectiveness versus traditional search, and real-world developer experiences with AI agent tools for code generation, bug fixing, and test creation",44,0.081
115,AI Ethics and Responsible Use in Higher Education,"University approaches to AI ethics: establishing guidelines and training, clarifying AI capabilities/limits, discouraging plagiarism and overreliance, and reinforcing assessment integrity and student reasoning.",44,0.081
116,High school prep for data science/actuarial internships,"High school senior seeking productive spring activities to secure summer internship and prepare for college in stats/finance, considering GitHub projects versus research for data science/actuarial careers.",43,0.079
117,AI in Education: Integration vs. Foundational Skills,"Debate among teachers on responsible classroom AI use, student skill-building, preserving productive friction, curbing misuse, and criticizing edtech hype disconnected from real school needs.",43,0.079
118,AI Detection in College Admissions Essays,"Debate over AI essay detectors in admissions: unreliable detection, false positives/negatives, impacts on applicant pools and admit quality, skepticism of officers’ intuition, and proposals to phase out essays.",42,0.077
119,AI Math Auto-Grading and Feedback,"Developing an AI tool to grade math assignments/exams, deliver detailed feedback, save grading time, align with rubrics, and support TAs/professors while ensuring human validation",42,0.077
120,CS Degree Value and Job Market in the AI Era,"Debate over CS degrees rigor and relevance amid AI advances, oversupply, layoffs, and worsening new grad employment, questioning career prospects and advocating discouraging entrants to improve labor conditions.",41,0.075
121,AI Skills and Responsible Use,"Guidance on building AI literacy—prompting, context, trust calibration, knowing when to use or stop—framing AI as tool, not addictive substitute; fostering real skill and responsible, practical applications.",41,0.075
122,Breaking into Tech Without Internships,"Advice for new grads lacking internships: pursue tech-adjacent roles, build AI-assisted projects, tailor resumes, seek micro-internships, share progress, leverage startups/networks, and maintain momentum amid a challenging job market.",41,0.075
123,AI-Driven Job Displacement and Redundancy,"Concerns about AI and automation eliminating or devaluing jobs, accelerating redundancy decisions, reducing pay, and pushing workers into gig roles across software and trades.",40,0.073
124,Faculty debate over AI in education,"University faculty are split on AI; some ban or criticize, others require and encourage it. Discussions emphasize ethical, responsible use, academic integrity, and adapting to inevitable technological change.",40,0.073
125,Student conflict over project evidence and discrimination complaint,"Instructor faces a combative biology student disputing evidence, challenging sex-related data, and filing a gender discrimination complaint amid disciplinary proceedings.",40,0.073
126,Ethics of AI in Recommendation Letters,"Discourages AI-written recommendation letters; advocates authentic, faculty-written prose. Students may draft when professors lack familiarity. AI acceptable only for formatting guidance. Emphasizes ethics, privacy, voice, and responsibility.",40,0.073
127,Software Developer Career Progression and Transitions,"Discussions on software developer career progression, skill-building, and role transitions (embedded to systems, backend/devops/cloud), weighing consulting vs big tech, and strategies to advance beyond junior and mid-level roles.",38,0.07
128,"AI-Powered Study Tools for Flashcards, Summaries, and Quizzes","AI-powered study apps that convert lectures, PDFs, and videos into flashcards, quizzes, and summaries, with chatbots for Q&A, spaced repetition, and multilingual support to streamline studying",38,0.07
129,AI and SWE Job Replacement,"Debate on AI partially replacing software engineers via productivity gains, reducing headcount per project; overall employment depends on demand despite marketing exaggerations.",38,0.07
130,"AI inference infrastructure and streaming optimization (GPU vs CPU, YOLO, Django/Gemini async)","Challenges and solutions for cost-effective GPU selection, CPU-bound YOLO real-time detection, and scalable Django/Gemini streaming with sync/async considerations.",38,0.07
131,AI Misuse with Clients and Workplace Ethics,"Concerns about coworkers’ AI misuse leading to wrong client information; whistleblowing reveals systemic issues, prompts ethics training and increased responsibility, leaving protagonist feeling guilty despite having saved the company.",37,0.068
132,Debate over AI-Resistant Academic Writing Rubrics,"Educators debate AI-resistant rubrics requiring revision histories and annotated sources, balancing authenticity detection with fairness, workload, student agency, and avoiding overly rigid, bias-introducing rules.",37,0.068
133,"Master’s thesis challenges: supervision, AI-assisted writing ethics, and public data approaches","Students seek guidance on writing quality, limited supervisor support, ethical AI use for editing, and feasible digital business theses using surveys or public datasets when company data is unavailable.",36,0.066
134,Designing Course Assessments to Promote Engagement and Discourage AI Dependence,"Instructors use Canvas-based quizzes, discussions, and in-class essays, emphasizing course-only material, low/high-stakes tasks, and meta-questions to foster reading, critical thinking, and deter AI-generated responses",35,0.064
135,"AI-Proof, AI-Integrated Assignment Design","Educators discuss creating AI-proof or AI-integrated assignments emphasizing analysis and synthesis to deter cheating, especially in humanities, and share strategies and concerns about AIs impact on learning.",35,0.064
136,AI/EdTech Tools for Teacher Productivity,"Recommendations and reviews of teacher tools—Notion, Canva, TeachShare, Classroomscreen, Kami—and AI platforms (MagicSchool, Gradescope, Socrative, Kahoot) for lesson planning, classroom management, feedback, and automated assessment.",35,0.064
137,Debate over AI-generated academic writing and ethics,"Discussion of AI-written abstracts and posts, doubts about detectors, ethical lines for AI assistance, and frustration with low-effort, jargon-filled AI theories cluttering academic communities",33,0.061
138,"AI, Dating, and Social Acceptability","Debate over romantic relationships with AI—its growing social acceptability versus concerns about stunted social skills, confirmation bias, and valuing authentic human connections—illustrated by dating experiences and AI skepticism.",32,0.059
139,AI’s Impact on Legal and Paralegal Work,"Debate within legal profession on AI replacing junior lawyers/paralegals; efficiencies acknowledged, but human judgment, subtle analysis, and emotional support in law firms seen as irreplaceable; skepticism toward AI hype.",32,0.059
140,AI scraping and bot-driven downloads on Academia.edu; academic integrity concerns,"Users report suspicious global downloads, bot scraping of papers, commercial access, and frustration with AI-generated or uncited content, questioning Academia.edu’s reliability and trade-offs for visibility.",32,0.059
141,Fact-Checking and Responsible AI Use in Student Coursework,"Educators discuss teaching students to fact-check AI, citing assignment failures (garbled infographics, mislocated maps) and proposing guidelines—clear boundaries, disclosure, scaffolded critique—to use AI as support, not substitute.",31,0.057
142,Career advice: language teaching in France and beginner web development projects,"French-speaking individuals seeking guidance on transitioning to language teaching in France (certifications, salaries, cities) and a self-taught web developer requesting project ideas to build an open-source React portfolio.",31,0.057
143,Claude Code adoption and impact in enterprise development,"Developers evaluate Anthropic’s Claude Code in large codebases: strong for small tasks, struggles on complex features; enterprises push agentic workflows as studies show rising AI-generated code and productivity gains.",31,0.057
144,Educational Webinar Platforms for Lead Generation and Engagement,"Comparison of webinar platforms for educational lead generation, emphasizing browser-based ease, interactivity (polls, Q&A, handouts, chat), AI automation, analytics, and CRM integrations; highlights include WebinarNinja, Demio, Livestorm, Zoom, BigMarker",30,0.055
145,Laptop choices for coding and AI: MacBook vs Windows vs Linux,"Comparison of MacBook Air, Windows gaming laptops, and Nobara Linux for development, AI/ML, battery life, portability, GPU/RAM needs, and installation/setup considerations.",29,0.053
146,AI quiz/flashcard generation and fine-tuning workflows,"Educators discuss tools to generate quizzes/flashcards/notes from recordings and documents, highlight Qubric’s PDF output, and debate SLM fine-tuning (LoRA/QLoRA) versus prompt-based workflows, datasets, and LMS integration.",29,0.053
147,Generative AI in Academic Publishing,"Debate over generative AI’s role in drafting, editing, translating academic papers; survey-reported attitudes, disclosure expectations, peer review implications, and evolving norms for researchers, journals, and institutions.",28,0.051
148,AI-Related Academic Misconduct Accusations and University Due Process,"Students accused of AI-driven academic misconduct navigate university procedures, due process concerns, evidence like drafts/version history, Turnitin scores, and seek appeals or departmental remedies against unfair accusations.",28,0.051
149,Defending a strict anti-AI writing rubric,"Instructor defends a stringent rubric deterring AI prose, emphasizing pattern-based detection, student context, and limiting polished vocabulary/structures amid widespread cheating in underprepared writing classes.",28,0.051
150,Responding to Suspected Student AI Use,"Guidance for addressing suspected student AI use: communicate transparently, discuss policy, avoid unsupported accusations, rely on concrete evidence, consult the accommodations office, document, and prioritize fair, student-centered academic integrity.",28,0.051
151,"Student–Professor Conflicts over Grading, AI, and Communication","Students report harsh grading, AI-cheating accusations, poor email responsiveness, and intimidating office hours while managing deadlines and submissions in large college classes.",28,0.051
152,YouTube-based Learning Paths and Free AI Video Tools,"Discussion of building structured learning paths from YouTube like Udemy and seeking free AI video-generation apps for student events, with constraints on credits, duration, and performance.",28,0.051
153,"PhD struggles with supervision, project ownership, and mental health","Experiences of PhD students facing unsupportive supervision, project ownership disputes, burnout, ADHD/PMDD, and queer immigrant stress; seeking structure, career guidance, and mental-health support in STEM.",28,0.051
154,AI Plagiarism Detection and Academic Integrity Policies,"Educators and students debate AI-as-plagiarism, detector reliability, due-process workflows, documentation, and in-class policies to prevent false accusations while upholding academic integrity.",27,0.05
155,AI PDF Tools and Vision-Based Extraction,"AI-driven tools and open-source repos for reading, extracting, summarizing, and collaborating on PDFs, including OCR, vision-language models (Ollama Llama Vision), dynamic notes, and platform comparisons.",27,0.05
156,AI/ML Masters Choices and PhD Pathways,"MS in AI vs CS tracks, coursework vs research masters, and recognition of integrated Indian masters for European PhD admissions.",26,0.048
157,Stop Using AI for Learning; Emphasize Effort,"Critiques of relying on AI for education, urging hard work and independent learning, or alternatively customizing AI models to fit individual needs to avoid generic outcomes.",26,0.048
158,Data Career Transitions: Analytics/Science to Engineering or Supply Chain,"Posts explore moving from dashboards and unstable DS roles to data engineering or supply chain, weighing market outlook, impact, remote work, stress, and upskilling (ETL, cloud certs, APICS).",26,0.048
159,NIH grant caps and AI in proposals,"Debate over limits per PI: impacts on proposal quality, research time, review burden, equity for small institutions, and shifts to other funding sources.",26,0.048
160,Ethical AI Use in Studying,"Debate on AI-created study guides and exam questions: aid versus cheating; educators refine outputs, emphasize critical thinking, fairness, boundaries, and preventing learning circumvention.",25,0.046
161,AI Automation and Role Shift in Accounting,"AI is automating bookkeeping and document review, reducing entry-level grunt work while augmenting CPAs. Accounting shifts toward analysis, tax, and audits; outsourcing persists as trust, quality, and cost questions remain",25,0.046
162,AI-driven automation and generational job precarity,"Debate on AI-driven job displacement, rise of gig work (e.g., Uber), declining cognitive skills, and generational economic precarity as automation threatens wages and employment stability.",25,0.046
163,AI Tools for Lesson Planning and Differentiation,"Teachers debate AI for creating differentiated, standards-aligned lesson plans—supporting ELLs, cultural adaptation, role-play lessons (Mexican Revolution), saving time, and earning admin approval.",24,0.044
164,AI Chatbot Liability in Suicide Lawsuit,"Discussion disputes claims that a roleplay AI chatbot caused a students suicide, emphasizing user misuse, lack of intent, disclaimers, and skepticism about legal responsibility and media framing.",24,0.044
165,Transition to Secondary Social Studies Teaching,"Career shifts into junior/high school social studies: certification routes (e.g., MTTC), study resources, subbing experience, interview preparation, and perspectives on public school district disparities and motivation.",23,0.042
166,Functional Illiteracy in the Digital Age,"Clarifies functional literacy beyond decoding; examines youth comprehension decline tied to culture, schooling, attention, phones, and AI; emphasizes reading practice, critical reasoning, and structured support outside school.",23,0.042
167,AI Code Reviews and Human Oversight,"Debate on AI for code review: useful for quick suggestions, spotting patterns; often lacks context, produces wrong feedback or superficial tests; best as augmentation with experienced human reviewers.",23,0.042
168,AI-Gamified Flashcard Study App Proposal,"Proposal for a collaborative, gamified flashcard platform with AI-generated, difficulty-tuned cards; seeking feedback, early users, and a waiting list for study motivation and memorization",23,0.042
169,AI for Differentiation and Reading Integrity,"Educators use AI to draft and differentiate tasks and scaffolds, not worksheets; craft detail-rich, open-ended questions to deter generic AI summaries and uphold genuine reading comprehension and assessment integrity.",23,0.042
170,AI/Tech Career Switch: Study Load & Job Market,"Discussion on pursuing AI/IT (e.g., AIOps) with limited schedule: study hours, degrees vs courses, GI Bill, timeline to job readiness, and a challenging tech job market for newcomers.",23,0.042
171,"AI-Generated Content Transparency, Moderation, and Social Bots","Debate on AI-generated posts impact on authenticity, moderator rules enforcing disclosure, and feasibility of simple scripts mimicking human-like liking behavior; encourage transparent tools supporting ethical, accessible engagement.",23,0.042
172,"AI as a tool, moderation, and user choice","AI should be seen as a tool; its benefits require skillful use and moderation, and individuals may choose to avoid it, valuing personal creation over AI-generated outputs.",23,0.042
173,"STEM student overwhelm, resource limits, and portfolio building","Students feel overwhelmed starting school, lacking hardware and experience, struggling to build portfolios and prepare for AP CS/EE, seeking motivation, collaboration, and practical project pathways.",22,0.04
174,Student AI Use Risks,"Educators warn online students about AI limitations, misuse, and scams; emphasize ethics, critical thinking, and appropriate use over overreliance.",22,0.04
175,R&D Tax Code Changes and Tech Layoffs,"Tech layoffs and hiring freezes stem from Section 174 R&D amortization and higher interest rates, squeezing startups’ cash flow, reducing R&D investment, and weakening talent demand despite AI’s role",22,0.04
176,AI in education: bans vs responsible use,"Educators debate banning AI or guiding responsible student use, citing integrity, reliance risks, disclosure, and assessment redesign to keep learning authentic while reflecting real-world AI practices.",22,0.04
177,"AI Hiring, Recruiter Scams, and Career Advice","Discussion of AI hiring realities, recruiter scams, resume strategies, and mentorship-driven career pathways, contrasting industry hype with practical advice and opportunities across tech and non-tech companies.",22,0.04
178,AI-powered career matching for online learners,"Free project matching Coursera/Udemy certifications to U.S. job openings, with optional resume/cover letters; personalized, AI-powered career guidance; seeking feedback/testers; backed by a recruiting agency",22,0.04
179,AI-Generated Ads on Reddit,"Users discuss and criticize Reddits AI-driven advertising, noting smarter ad bots, automated ad copy, and intrusive AI ads inserted into posts and threads.",22,0.04
180,Scaler DS/ML Course Reviews & Placements,"Learners review Scaler’s DS/ML course—strong curriculum, real-world teaching, and placement support, but fast pace and limited beginner handholding; prospective students seek mentorship and ROI insights.",22,0.04
181,AI Tools for Literature Reviews,"Debate and experiences using AI to gather, organize, theme, and critique literature; benefits include speed and gap detection; risks include overreliance and accuracy concerns; emphasizes critical engagement.",22,0.04
182,Final-year and side project ideas in software/AI,"Requests for technically challenging, real-world, resume-worthy project suggestions across AI, web/mobile, backend, and security, using Python, Flutter, Spring Boot, and modern stacks.",22,0.04
183,Learning strategies and autonomous RL track data extraction,"Guidance on learning programming with minimal AI reliance, developing intuition using lists vs dictionaries, and designing autonomous RL systems to extract track centerlines without manual driving.",21,0.039
184,AI-Generated Podcasts and Interactive Hosts,"Creating podcasts from text with natural AI voices; educational uses; tools like NotebookLM and Wondercraft; platforms like MetaBlogger enable conversational, personalized AI hosts that remember listeners.",21,0.039
185,AI Risk Management in Banking and Supply Chain Finance,"Banks cautiously explore AI for supply chain and trade finance risk management, constrained by regulation, while early-warning models (ANN/GA/PSO) improve credit assessment and risk control in energy industry.",21,0.039
186,Self-Taught Programmer’s Career Dilemma (React/Unreal),"Self-learned coder skilled in C, JS/TS, React, Unreal; struggling to find work amid layoffs/AI hype; torn between pursuing dev roles and returning to architecture; seeking advice and opportunities.",21,0.039
187,Engineering Interview Preparation Beyond LeetCode,"Guidance on technical and behavioral interviews for engineering/AI roles: DGX Cloud support, AI/ML scenarios, system design thinking, production-quality take-homes, teamwork communication; de-emphasizing LeetCode-style problems",21,0.039
188,AI Grammar Tool Use,"Debate on Grammarly/AI for grammar checks, potential meaning changes, policies banning rewrite tools, and advice to limit use without copy-paste",21,0.039
189,Breaking into Data/Backend Roles,"Guidance for PhDs and students on targeting suitable roles, valuing industry experience, prioritizing startups/R&D, and building Python, SQL, ML/LLM skills to improve job-market outcomes.",21,0.039
190,MagicSchool AI for Educators,"Discussion of MagicSchool AI for drafting assignments and emails, its GPT-based model, and comparisons to premium LLMs for work tasks",20,0.037
191,Large Language Models (LLMs),"Discussion of LLMs like GPT/ChatGPT, distinguishing them from other AI tools and referencing their use in responses.",20,0.037
192,Verifying AI-Generated Content and Misinformation in Social Media and Search,"Discussion of spotting AI-generated media, correcting viral misinformation, differing AI search results, and user skepticism while verifying details like a handbag brand across TikTok, Facebook, Reddit, and Google",20,0.037
193,Criticism of AI-generated “slop” content,"Users mock and condemn low-quality AI output as “slop,” decrying a feedback loop that trains more slop and poor screen-reading results.",20,0.037
194,AI Ethics Debates in Education,"Curriculum for committee-led class discussions and activities debating AI ethics and applications (art, architecture, cities), using real-vs-AI exercises, field trips, and scaffolded questioning to foster critical thinking",20,0.037
195,AI Automation: Frontend vs Backend,"Debate on whether AI will automate backend or frontend work more, citing training data abundance, interface uniformity, backend uniqueness, clearer correctness, and frontend UX subjectivity and complexity.",20,0.037
196,AI and Indian Association Debate,"Repetitive claims that AI is actually Indian, questioning AIs association or origin with Indians.",20,0.037
197,Building a Gym Tracker with React/Next.js and Supabase,"Guidance to build a gym tracker app using React/Next.js and Supabase via iterative build-learn-apply steps, starting small, integrating backend later, and using AI as a tutor.",20,0.037
198,AI Meeting Note-Taker Apps,Asking which AI meeting note-taking app to use for meeting summaries and action items.,20,0.037
199,AI-generated unit tests debate,"Engineers debate using AI to write unit tests—speed versus reliability; concerns include missing intended behavior, over-mocking, test repetitiveness, and the need for human review and domain insight.",20,0.037
200,AI in academic paper writing: quality limits and privacy concerns,"Debate on AI in research writing: poor output quality, missing tacit insights, preference for human mentors, and privacy risks with unpublished work; AI used sparingly for mundane tasks.",19,0.035
201,Turnitin AI Detection Reliability and Alternatives,"Discussion on Turnitins unreliable AI detection—low false positives but high false negatives on newer AI—and queries about acceptable detectors, with Pangram noted as a stronger alternative.",19,0.035
202,Defending against AI plagiarism accusations in university assignments,"Students face AI-use accusations for assignments, seek ways to prove human authorship amid faulty detectors, technical hardships, and unclear faculty procedures, aiming to build cases and protect academic integrity.",19,0.035
203,AI Academic Fraud: Educator Strategies,"Teacher forum/wiki sharing detection strategies, disincentives, and consequences for LLM-generated coursework; seeking assistance and compiling effective solutions.",19,0.035
204,AI language models: probabilistic word prediction vs reasoning,"Explains LLMs probabilistic next-word prediction using vectors, highlighting language emulation versus true reasoning and how prompts (e.g., peer review) elicit convincing text without understanding",19,0.035
205,Avoiding AI Detector Flags in College Essays with GPT Scrambler,"Writers discuss college AI detectors flagging essays and recommend tools like GPT Scrambler, Grammarly, and human edits to humanize text, reduce false positives, and improve natural style.",19,0.035
206,AI’s Impact on Skilled Trades and Automation-Safe Work,"Debate over AI’s threat to trades: shortages and good pay vs. future automation and wage pressure; outlines automation-resistant categories (skilled trades, entrepreneurship, research, preference/relationship roles).",19,0.035
207,Debate over AI Therapy vs Human Therapists,"Discussion of using AI for mental health support, contrasting perceived advantages with concerns about safety, accountability, privacy, and the risks of unregulated, potentially harmful advice",19,0.035
208,,,19,0.035
209,AI Policy Enforcement and Controls,Educators struggle to enforce acceptable AI use in syllabi; users also pursue technical policy controls like browser filetype download blocking via registry/JSON to limit misuse.,18,0.033
210,Critical AI Books and Hype Skepticism,"Recommendations and critiques of AI books emphasizing skepticism about hype: AI Snake Oil, The AI Con, Unmasking AI, Data Driven, Weapons of Math Destruction; plus related podcasts and scholars",18,0.033
211,Adaptive bidding game strategies and Lichess chess bot coding,"Programming opponent-aware game strategies and Lichess bots: bidding across rounds, processing events and moves, and handling user input, state, and message printing by id and index.",18,0.033
212,"SQL, Power Apps RAG, and SQL injection worm","Discussion spans SQL query automation, Power Apps CRUD design with RAG logging, and a conceptual self-spreading defensive worm via SQL injection, highlighting security implications.",18,0.033
213,AI Cheating and Classroom Integration,"Teachers report AI-enabled cheating; educators advocate acknowledging AI and guiding ethical, pedagogically sound use—having students draft first, then compare and critique AI outputs without replacing original work.",18,0.033
214,ChatGPT em dash formatting,"Discussion of ChatGPT’s distinctive em-dash formatting/length and overuse, differing from Google Docs; encourages finding a personal voice to avoid imitation and detection",18,0.033
215,AI detection and academic writing authenticity,"Students face false AI accusations for polished writing, discuss adding mistakes, using detectors/humanizers, grammar tools, honor policies, and strategies to assert authenticity, especially for neurodivergent writers.",17,0.031
216,"AI, Offshoring, and the Tech Job Market Stall","Discussion of executives stalling hiring amid AI uncertainty, task automation eroding junior roles, offshoring enabled by AI, efficiency-led layoffs (GE analogy), and long-term talent and compensation concerns.",17,0.031
217,AI mandates and limits in software engineering,"Debate over executive AI mandates: AI handles clear tickets and boosts output, but ambiguous tasks need human knowledge; advocate governance and pragmatic adoption to capture value without harming quality.",17,0.031
218,Perplexity Comet Browser Referral Program,Guide to earning Perplexity Pro and commissions by referring desktop signups to the Comet browser using fresh Gmail accounts and proper account linking.,17,0.031
219,Data plotting and lineage visualization,"Challenges and methods for data plotting and lineage visualization: real-time serial graphs (Avalonia/LiveCharts), understanding Matplotlib axes, and documenting variables and derivations across datasets.",17,0.031
220,Faculty Senate AI Policy Debates,"Faculty senates debate broad guidelines restricting generative AI from replacing instructors or grading, promoting academic integrity, departmental discretion, and pushback against colleagues adopting AI tools in teaching.",17,0.031
221,AI Literacy vs Fluency Frameworks in Higher Education,"Debates on AI literacy/fluency frameworks in education, emphasizing critical information literacy, ethics, and the automation–augmentation–agency modalities with competencies: delegation, description, discernment, diligence.",17,0.031
222,Feedback Request: AI Tutor Persona Prompts,"New creator offering curated AI tutor persona prompts; seeking beta testers and feedback via Gmail, giving free access to early respondents to improve the product for students.",17,0.031
223,AI Authorship Ethics and Verification,"Argues against AI detectors, urges legal attestations, and sets fair methods to evaluate suspected AI-written papers without seeding models with the original text.",17,0.031
224,Asking if a post was written with AI,"Users repeatedly ask whether a post was written using AI, often casually.",17,0.031
225,Student Cheating and AI in Education,"Debate on rising student cheating amid AI tools, cultural attitude shifts, and calls for process-based assessments, tech restrictions, and parental accountability to preserve genuine learning.",17,0.031
226,Questioning Strategies and AI Answer Reliability,"Discussion on asking effective questions to test AI, handling niche domains, avoiding generic answers, and when to rely on human insight versus AI for learning and problem-solving.",17,0.031
227,r/Teachers Post Removal: No Self-Promotion or Surveys,"Posts removed for violating r/Teachers rules: no self-promotion, advertising, fundraising, surveys/interviews, uncontextualized links, or unapproved AMAs. Community-focused; consult rules wiki",16,0.029
228,High school AI research ethics and mentorship,"Debate on high school students seeking research experience while using AI to write papers; concerns about ethics, learning, critical evaluation, and appropriateness of asking professors for free guidance.",16,0.029
229,Paid Work and GPT Earning Platforms,"Overview of paid work, gig economy, and get-paid-to platforms offering surveys, tasks, and referrals for income, highlighting employment types, benefits, challenges, and evolving digital labor trends",16,0.029
230,AI Citation in Legal and Academic Contexts,"Debate over whether AI can be cited, its credibility and vetting, implications for lawyers and judges, plagiarism concerns, and calls for regulation and ethical use.",16,0.029
231,Proving AI-Generated Work in Academia,Debate over irrefutable proof of AI use; skepticism toward vibe-based detection; concerns about false accusations from similar content and unreliable tools.,16,0.029
232,Ethical and practical use of GenAI in academic writing,"Discussion on using GenAI for language polishing, translation, and logic checks in scholarly work; ethics, plagiarism concerns, maintaining human-driven research and writing skills, especially for non-native writers.",16,0.029
233,Plagiarism and AI Detection Tools for Academic Writing,"Comparisons of free and paid plagiarism and AI detectors (Turnitin, iThenticate, Grammarly, Copyleaks, AidetectPlus), access limits, reliability, and strategies for journal submissions.",16,0.029
234,"US–China AI, academia, and national security debates","Debates on US-China rivalry, AI militarization, media narratives, and congressional scrutiny of Chinese nationals in American STEM programs over espionage, tech transfer, security, and academic priorities.",16,0.029
235,CMU vs Rice for AI/Robotics Education,"Debate over CMU’s superior AI/robotics resources versus Rice’s student experience, new AI major, costs; Michigan noted; prioritize fit, program strength, and opportunities",16,0.029
236,"Education and Career Path Decisions: Degrees, AI, and Medicine","Discussions weigh pursuing degrees (AI master’s, MD/PhD) against costs, workload, interest, and job prospects, emphasizing ROI, experience-first approaches, AI impacts, and realistic expectations about pay and careers.",16,0.029
237,"English Education: Accommodations, Grading, and AI","Teachers debate accommodating below-grade readers, completion grades, and literacy expectations amid AI cheating, disengagement, testing pressures, and university writing demands.",16,0.029
238,"Lecture Recording, Transcription, and AI Integrity Concerns","Discussion of recording/transcribing lectures via phones/apps, accessibility accommodations, privacy agreements, and strategies to deter AI misuse/cheating, including degrading transcripts and oral assignment alternatives.",16,0.029
239,"Using AI, Google, and Wikipedia: Source Reliability and Fact-Checking","Discussion on AI, Google, and Wikipedia as research tools, stressing not to cite AI, verifying references, cross-checking facts, and valuing context and close reading to avoid hallucinations.",16,0.029
240,AI in Scholarly Research: Usefulness vs. Citation Reliability,"Discussion on AI’s usefulness in academic work: effective for editing and summaries, contested claims about generative quality, and concerns over hallucinated citations hindering scholarly research.",15,0.028
241,Text-File Workflow for Linguistic Word-List Processing,"Simple, modular pipeline to import word lists, strip predefined letter combinations, list remaining strings, count frequencies, compare languages, and optionally integrate with Excel without heavy coding",15,0.028
242,Breaking into AI/ML without CS background,"Advice for non-CS professionals to enter AI/ML: prioritize coding fundamentals, computer understanding, math basics; use affordable courses; focus on skills over certificates to apply AI in business.",15,0.028
243,Generational Debates on AI Dependency and Knowledge Loss,"Discussion comparing Gen X–Alpha anxieties, productivity, and AI dependence with historical knowledge loss after Rome; skepticism vs optimism about youths adapting and teaching new technologies",15,0.028
244,"AI, Cheating, and Integrity in Higher Ed","Debates over AI-written assignments and AI grading, widespread cheating, disillusioned instructors, policy inconsistencies, and ethical fallout including impostor syndrome and erosion of academic standards.",15,0.028
245,AI Detectors for Student Essays,"Educators discuss using and building AI detectors to flag likely AI-generated student essays, streamline grading, interpret flags cautiously, and identify stylistic patterns while acknowledging limitations.",15,0.028
246,AI in coursework: integrity and study strategies,"Students and educators discuss AI for checking answers, class-specific coverage, choosing challenging exam questions, and valuing authentic analysis to distinguish real student work from AI.",15,0.028
247,Perusall engagement and AI-mitigation strategies,"Educators discuss Perusall: balancing engagement and assessment, curbing AI-generated annotations, using compelling readings, prompt design, manual review beyond auto-grading, and seeking features to track highlighting/copy-paste behavior.",15,0.028
248,AI and Voice Tools for Documentation,"Discussion on creating effective documentation, AI’s limitations for novel processes, and strategies to streamline reporting using templates, batching, delegation, and voice tools like Google, Microsoft, Willow, and Otter.",14,0.026
249,"AI, Internet Misinformation, and Human Verification","Debate on AI’s role in information: often authoritative yet unreliable, prone to misinformation; requires human verification, foundational knowledge, and proper use—calculator analogy cautions against blind trust.",14,0.026
250,Teacher Survey on AI Tool Use in Education,"Requests teachers to complete a short thesis survey on educators’ AI use, tasks to offload, impacts, and how AI can best support student learning.",14,0.026
251,Automation and Hospitality in Fast Food,"Debate on automating restaurants via AI, robots, and vending machines versus preserving human-driven hospitality; cultural preferences and form factors shape adoption, especially in U.S. fast food",14,0.026
252,Admissions SOPs for Math/Physics with Quant Finance Focus,"Applicants refine personal statements detailing research/competitions, teaching, UW experiences, academic setbacks and growth, and goals in mathematics and quantitative finance to align with programs.",14,0.026
253,AI vs Reading Skills,"Debate on relying on AI instead of reading, implications for comprehension, education, and everyday tasks; nostalgia and frustration over shifting literacy habits",14,0.026
254,AI-Fueled Peer Review Bottlenecks,"AI-accelerated submissions overwhelm journals, causing reviewer shortages, longer review times, more desk rejections, and inequities in publication-based evaluations, especially impacting junior scholars.",14,0.026
255,Gender Essentialism and Tech Culture Debates,"Debates on gender dynamics in tech critique essentialist claims, male-valued knowledge, representation disparities, women’s experiences in non-technical roles, and skepticism toward AI hype shaped by “tech bro” culture.",14,0.026
256,CS Degree Value and Career Prospects,"Debate on necessity of CS degrees versus self-study, internships, and portfolios amid recession, HR filters, accreditation concerns, and AIs impact on software engineering careers.",14,0.026
257,Ethical AI in Research Data Analysis,"Disclosing AI-written R code, qualitative coding risks, open-data privacy, and ensuring AI-assisted analyses comply with institutional and journal policies.",14,0.026
258,Finance vs Data Science Careers and Islamic Considerations,"Students weigh finance degrees against AI/data science for careers, considering AI’s job impact, non-IB options, management goals, school tier, job security, and Islamic finance compliance without riba.",13,0.024
259,Academic recruitment for AI chatbot research,"Posts recruit participants for anonymous, short academic surveys/interviews on AI chatbots (e.g., Character.AI), covering privacy attitudes, gender/embodiment, and teens’ parasocial romantic interactions.",13,0.024
260,AI Misnomer and Human-like Imitation,"Debates AI’s misleading name, human-indistinguishable outputs from training on human sources, and clarifies AI as an umbrella term including LLMs, machine learning, deep learning, neural networks.",13,0.024
261,AI-assisted brainstorming debate in education,"Educators debate AI for brainstorming: some insist ideation remain human, others leverage ChatGPT to generate and tweak classroom activity ideas, e.g., film class horror-genre exercises.",13,0.024
262,AI in Higher Education Debate,"Discussion on universities fear of AI, its impact on critical thinking and assessment, ethical considerations, balanced classroom use, and the need to teach responsible AI literacy to avoid obsolescence.",13,0.024
263,Enterprise AI: Cost and Workforce,"Staff critique pricey packaged AI and metaverse-like hype; boosts productivity but rarely replaces workers, while layoffs, offshoring, and vendor lock-in rise over custom BI/CRM.",13,0.024
264,AI as calculator for words: debate on learning and meaning,"Comparing AI to calculators; discussion of educational impacts; LLM variability from serious literary analysis (Gilgamesh, Iliad, mortality) to absurd Taco Tuesday arguments",13,0.024
265,Agentic AI in Computational Biology and CRAB Antibiotic Synergy,"Research theme: agentic AI enabling computational biology—virtual lab, genomics agents, protein foundation models—and data-driven prioritization of synergistic antibiotic combinations against Acinetobacter baumannii using MIC, EUCAST breakpoints, and resistome profiling",13,0.024
266,AI and Developer Productivity: Kafka Client Challenges,"Engineers report modest efficiency gains from AI assistants, with hallucinations and tooling gaps (e.g., Kafka client, DLLs) limiting reliability; AI fine for boilerplate/copy, weak for creative/images; no hiring reductions.",13,0.024
267,AI pressure on junior devs: deadlines and learning loss,"Posts from junior engineers and QA on tighter deadlines, reliance on AI/tools, diminished hands-on learning, declining problem-solving confidence, and seeking strategies to stay motivated and grow.",13,0.024
268,Calculus and Linear Algebra Prerequisites for AI/ML and Robotics,"Debate on the necessity of calculus, linear algebra, probability, and optimization for AI/ML; differential equations mainly for vision/robotics; value of taking AI/ML modules even for general SWE.",13,0.024
269,Instructors deter and detect AI use in student assignments,"Faculty combat AI misuse via clear policies, varied assignments, in-class reflections/journals, oral checks, poison-pill prompts, benchmarking with AI tools, quality-focused grading, and integrity enforcement.",12,0.022
270,AI in Security Alert Management Startups,"Discussion on startups using AI to categorize and coordinate security alerts, market viability concerns, competition with established vendors, and skepticism about yet another AI course/product.",12,0.022
271,Top AI/CogSci PhD Applications and NTU-to-North America Postdocs,"Guidance on applying to top UK/Europe AI/cognitive science PhDs, funding prospects, value of industry experience, and NTU PhD competitiveness for postdocs in US/Canada.",12,0.022
272,Career transitions between psychology/therapy and nursing,"Individuals with mental health backgrounds weigh counseling/developmental psychology versus nursing, considering licensure, education, flexibility, pay, burnout, job prospects, and AI’s future impact on therapy roles.",12,0.022
273,"AI in Education: Adaptive, Equitable, Cohort-Aware Learning","AI tutors and adaptive systems personalize learning at scale; initiatives highlight equity gains and risks. Teacher-augmented, cohort-aware models, privacy safeguards, and inclusive design are key to accessible, effective education.",12,0.022
274,Biology Education Resources and AI for Qualitative Research,"Exploring AI tools and platforms (Otter.ai, ATLAS.ti) and non-AI resources beyond TeachersPayTeachers for biology-related teaching and qualitative research; considering training and tracking options.",12,0.022
275,AI-Generated Content and Plagiarism Debate in Education,"Debate on whether AI-generated writing constitutes plagiarism, covering unreliable AI detectors, institutional policies, and old-school preferences for handwritten work to assess authentic student thinking",12,0.022
276,Weekly AI Thread and Solutions Wiki,"Planning a weekly AI discussion thread (Thursdays) and creating a wiki page to collect AI solutions and links from posts; coordination of titles, posting schedule, and permissions.",12,0.022
277,RTO backlash and remote‑friendly employer search,"Employees vent about RTO mandates and AI hype, seeking remote‑friendly, humane employers with fair pay, sharing work conditions, culture‑vetting tips, and desire to feel human at work.",12,0.022
278,Turnitin Similarity and AI Report Promotion,"Posts advertising access to Turnitin to obtain similarity and AI detection reports without repository submission, pitched for future document checks and soliciting DMs.",12,0.022
279,AI-Driven Job Insecurity and Career Pivots,"Post-COVID workers fear AI replacing careers, weigh pivots (cybersecurity/military), emphasize physical-presence skills and seniority for security, express gratitude for experience yet anxiety about ethical dilemmas and being replaced soon.",12,0.022
280,AI-assisted academic writing and detection debates,"Discussion on undeclared GenAI use for language correction, reliability of AI detectors like QuillBot, and an ORC pump optimization example involving particle swarm, efficiency, and heat-temperature regulation.",12,0.022
281,"AI-Powered LMS for Personalized, Adaptive Learning","AI-powered LMS platforms deliver personalized learning paths, real-time analytics, automated grading and scheduling, and teacher assistance, moving beyond content storage to adaptive, scalable learning—more than hype.",12,0.022
282,Navigating a Programming Career Amid AI and Market Concerns,"Advice on entering software: treat AI as a tool, build portfolios via bootcamps, pick specializations, note junior oversupply and outsourcing; ignore short-term stock market noise.",12,0.022
283,"AI use of course slides: IP, sharing, and fairness","Debate over students using AI with uploaded slides; professors’ IP concerns, unequal advantages, course-specific GPTs, and mitigation via watermarking or ceasing slide distribution.",11,0.02
284,Humanities Careers Beyond Academia,"Precarious humanities academia, oversaturated UX, and alternative paths—policy, tech writing, instructional design, user research—plus reflections on AI’s impact, tenure-track compromises, and aligning skills with meaningful work.",11,0.02
285,"AI, Syntax, and Core Developer Skills","Discussion on AI reducing the need to memorize syntax and boilerplate, while system-level understanding, clear language specs, and hands-on coding remain essential; warns against overreliance on LLMs",11,0.02
286,Academic Integrity: AI Use Detection and Grading Practices,"Instructors confront unreliable AI detectors, emphasize evidence and due process, monitor patterns, discuss misuse with students, set ethical AI-use guardrails, and dock grades only with preponderance of evidence.",11,0.02
287,AI Companionship and Video-First Tech Backlash,"Discussion of personal relationships with AI chatbots, skepticism about AIs role, and backlash against video-first content, longing for text-based blogs/books and frustration with techs self-inflicted problems",11,0.02
288,Using AI to Stay Competitive at Work,"Advocating AI adoption to boost productivity, outperform peers, and value learning over credentials; laggards risk PIPs.",11,0.02
289,Skepticism about AI progress and AI pilots,"Users doubt near-term AI advances and reject AI pilots, noting AI amplifies longstanding issues by making problematic behaviors more accessible and tempting.",11,0.02
290,GenAI career skills and certifications,"Advice on practical GenAI upskilling: employer-valued certifications, prerequisite learning paths, using AI to aid development, and complementing with business/applied science courses to boost LinkedIn credibility and career growth.",11,0.02
291,AI’s Impact on Higher Education and Pedagogy,Professors debate rampant AI in online grad programs—destabilizing jobs yet prompting integration—while warning student overreliance may erode challenge-based growth and alter education’s purpose.,11,0.02
292,"AI commoditization, Big Tech power, and SMB dependence","Debate on AI as a real threat: customers bypass firms, uniqueness doubts versus incumbents like Instagram, and prediction that selling AI/agents entrenches Big Tech, leaving SMBs dependent on subscriptions",11,0.02
293,Breaking into AI via product roles,"Practical strategies to enter AI: start with product roles at AI companies, build probabilistic product intuition, use APIs, read research, train models, avoid credential-chasing, leverage emerging tech, career moves.",11,0.02
294,"Critique of AI Hype, Tech Bros, and Cognitive Load","Skeptical discussion criticizing AI hype and tech bros, emphasizing source criticism, minimal learning goals, heavy cognitive load, and preference for practical support over flawed information",11,0.02
295,Programming fundamentals and soft skills in the AI era,"Emphasizes fundamentals, problem-solving, system design, and soft skills; treat AI as an error-prone assistant; focus on adaptability, deep language competence, and responsible use rather than replacement fears.",11,0.02
296,Responsible AI in Higher Ed Pedagogy and Assessment,"Instructors weigh responsible AI use against pedagogical goals, resisting trendiness, while students favor AI for learning but reject AI grading, exposing double standards and curricular challenges.",11,0.02
297,"Evaluating Startup Offers: Pay, Equity, and Risk","Discussion weighing startups vs big tech: cash pay, equity valuation/dilution, vesting, runway and stability, leadership, WLB, acquihire risks, and assessing stock options.",11,0.02
298,Corporate AI Workforce Replacement,"Concerns about corporations adopting AI to replace skilled employees, neglecting workforce development, prioritizing cost savings over jobs and institutional knowledge, prompting calls to identify and avoid such employers.",10,0.018
299,AI-driven interactive lesson content creation,"Educators experiment with AI tools to create engaging, role-playing lessons and auto-generate slide decks, emphasizing curated sources, accuracy checks, and cautious classroom boundaries to mitigate hallucinations.",10,0.018
300,AI Oligarchy and Class Erasure,"Speculative dystopia where AI and robots empower billionaire elites, rendering masses obsolete or eliminated, echoing Terminator/Matrix/Star Trek themes and sparking underground resistance.",10,0.018
301,Balancing AI Assistance and Critical Thinking,"Debate on using AI as an efficient tool for repetitive tasks while preserving critical thinking, context, serendipitous discovery, and learning integrity—avoid treating AI as a crutch.",10,0.018
302,"Generative AI’s limits, creativity, and overreliance risks",Debate on generative AI as tool vs replacement; current inability to invent novel solutions; concerns about student overreliance akin to addiction despite best intentions.,10,0.018
303,Using Blackbox AI for Summarization,"Users report using Blackbox AI for summarization, finding it handy and expressing thanks for the recommendation.",10,0.018
304,Compensation Dynamics Across Professions,"How compensation varies across professions—ML/tech, sales, healthcare—highlighting median vs average pay, specialization, skill fundamentals, risk and responsibility, startup dynamics, and market cycles influencing salaries.",10,0.018
305,Zuckerberg’s AI Plans for Mid-Level Engineers at Meta,"Debate clarifies AI will augment, not replace, engineers; boosting productivity and possibly hiring. AI assists execution, not guaranteeing billion-dollar startups.",10,0.018
306,AI for Question Generation and Assessment,"Using AI to create MCQs with distractors, convert questions to various formats, and rapidly answer many questions faster than humans.",10,0.018
