Topic,Topic summary,Topic description,Count,% of corpus
-1,Student-Centered Education and CS Learning,"Discussions on effective, student-centered education: project-based and competency-based pedagogy, AI-supported knowledge management, alternatives to testing, self-directed CS learning paths, and advice for distinctive, reflective college essays.",129038,72.566
0,AI Replacing Software Developers,"Debate on AI as a tool vs replacement for programmers; effects on productivity, workflows, and potential commoditization of software and industry shift if AI fully automates coding.",4862,2.734
1,Choosing Your First Programming Language,"Guidance on choosing a first programming language, comparing Python, Java, JavaScript, and C/C++, with use cases (web, ML/AI, systems, games) and recommended learning paths for beginners.",2438,1.371
2,Extensible Tic Tac Toe with AI,"Design a customizable tic-tac-toe platform: variable boards and win rules, player symbols, AI (minimax/ML) difficulties, UI/web, persistence with Elo, networking, and unit-tested, modular architecture.",1823,1.025
3,ChatGPT Classroom Instruction and Ethics,"Lesson plans and discussions on integrating ChatGPT into student learning and assignments, guiding use, evaluation of responses, critical thinking, and ethical considerations in classroom and homeschool settings.",1555,0.874
4,Detecting AI-Generated Posts,"Users question whether content is AI-written, discuss signs of AI-generated posts on Reddit, and seek methods to determine if posts were produced by AI.",1096,0.616
5,Using ChatGPT,"Mentions of ChatGPT, guidance to use or ask ChatGPT to write or summarize content; references to ChatGPT identity and usage instructions.",1062,0.597
6,AI vs Human Teachers,"Discussion on AI's role in education, potential to replace or supplement teachers, offering personalized, unbiased, multilingual instruction and consistency, with concerns about empathy, complexity, hands-on labs, oversight, and jobs.",769,0.432
7,"ChatGPT for Coding: Pros, Cons, and Tips","Using ChatGPT for coding: effective for refactoring, explanations, small functions and debugging; unreliable for complex logic. Break tasks down, verify outputs, credit sources, and heed legal/IP risks.",753,0.423
8,Academic Email Practices: AI Use and Admissions Spam,"Experiences with AI-generated student emails—etiquette, integrity, and effectiveness—plus an analysis of colleges’ mass email marketing, spam frequency, and subject-line gimmicks in admissions outreach.",706,0.397
9,LLM-Assisted Coding Debate,"Discussion on using LLMs to generate syntax/boilerplate and integrate with tests/QA, contrasted with concerns about code quality, learning erosion, and advice to understand outputs and avoid overreliance.",610,0.343
10,Math for Programmers: Discrete and Linear Algebra,"Which math best supports programming and CS—emphasizing discrete math and linear algebra; calculus, statistics, and geometry applied in graphics, ML, optimization, and physics/engineering contexts.",561,0.315
11,"Student disengagement, cheating, and administrative conflict","Educators lament disengaged students, widespread cheating (AI/Chegg), and unsupportive administration, with post-COVID skill decline, policy enforcement tensions, and attempts to maintain boundaries amid complaints.",557,0.313
12,Computational Linguistics and NLP Careers,"Distinguishes computational linguistics from NLP, outlines CS-to-grad pathways, emphasizes ML/math foundations, and notes limited non-NLP industry opportunities and academic job market challenges.",546,0.307
13,Peer Review Integrity and Reform,"Allegations of AI-written peer reviews spur calls for open, accountable reviewing, objective standards, editorial oversight, independent audits, and reporting misuse to safeguard research integrity.",538,0.303
14,Coding Bootcamps vs CS Degrees vs Self-Taught,"Comparing paths into software/web development: coding bootcamps, CS degrees, and self-teaching—trade-offs in cost, time, structure, networking, and job outcomes; experience and fit determine success.",477,0.268
15,AI Capabilities and Usage,"Discussion assessing whether and when to use AI, what AI can do, and distinguishing AI-driven tasks from non-AI approaches.",467,0.263
16,Resume Bullet-Point Optimization,"Guidance on optimizing resumes: prioritize concise, one-line accomplishment bullets, remove redundancies, restructure sections and projects, improve grammar and formatting, list relevant skills only, and emphasize impact over duties.",456,0.256
17,Macroeconomic Drivers of Tech Layoffs,"Tech layoffs stem mainly from high interest rates, profitability pressures, tax changes, consolidation, and improved offshoring; AI is secondary but pushes higher RPE expectations and workforce adjustments.",446,0.251
18,AI Tools for Academic Research,"Platforms leveraging AI to search, summarize, analyze, and manage research papers and PDFs; support literature reviews, citations, writing assistance, and knowledge organization for scholars and researchers.",435,0.245
19,Grammarly vs GrammarlyGO and AI detection in academia,"Discussion about Grammarly’s grammar checker vs GrammarlyGO generative AI, subscriptions, and whether using Grammarly triggers academic AI-detection false positives in college integrity processes.",433,0.244
20,Introduction to Computer Vision,"Getting started with computer vision: working with images, cameras, pixels, color, and recognition using tools like OpenCV.",426,0.24
21,AI Detection Tools & Effectiveness,"Mentions AI content detectors/checkers, questioning their effectiveness ('don’t work') while also referencing resources listing top AI detection tools.",425,0.239
22,Conferences vs. Journals in Computer Science/AI,"Computer science/AI prioritize rapid, conference-based publication and arXiv preprints; journals extend work. Subfield norms, heavy reviewing, open access, and warnings about predatory publishing shape practices.",421,0.237
23,Fake Citations and Academic Integrity,"Discussion of fabricated or non-existent citations—often AI-invented—as academic dishonesty, the duty to verify references, and distinguishing intentional fabrication from careless citation errors in student work.",421,0.237
24,Andrew Ng’s Machine Learning Course (Coursera),Mentions and praise of Andrew Ng’s foundational machine learning course offered on Coursera; users highlight its quality and impact.,413,0.232
25,Tech Job Offer Negotiation and Tradeoffs,"Evaluating and negotiating tech job offers, comparing compensation (salary, bonus, RSUs), roles, company stage (startup vs large), equity prospects, work-life balance, mentorship, and long-term career goals.",407,0.229
26,Natural Language Processing (NLP),"Computational methods to process and understand human language text—tokenizing words, parsing sentences, and deriving meaning for tasks like analysis, classification, and generation.",397,0.223
27,Student Study and Flashcard Apps,"Recommends tools for students, highlighting flashcard-based learning (Anki-like, Traverse), notes, quizzes, and free apps to organize studying, tasks, and schedules.",390,0.219
28,"Developer laptops: Mac vs Windows, GPU/CUDA","Comparisons of MacBook and Windows laptops for coding, iOS and ML work, hardware recommendations, and troubleshooting CUDA/GPU memory issues on Linux/WSL during model fine-tuning.",385,0.217
29,LLM use and plagiarism in academic writing,"Debate over acceptable LLM assistance: editing versus generation, disclosure requirements, plagiarism concerns, detection heuristics, and faculty reactions/policies across disciplines regarding student papers and application materials.",384,0.216
30,CS/ML PhD Career Paths,"US CS/ML PhD structure, research expectations, academic job scarcity, and career decisions—paths to tenure-track vs industry research scientist roles (FAANG/AI labs), competitiveness, internships, publishing, and strategies for transition.",374,0.21
31,Graduate Academic Integrity Allegation,"Graduate student challenges plagiarism and deadline-tampering accusations after incomplete-related access problems; TA reports to academic integrity board. Student seeks dean’s help, citing policy, grading errors, and solo project constraints.",359,0.202
32,College Admissions Chance-Me (STEM),"High schoolers outline GPA, AP/SAT, clubs, research, and awards, plus demographics and goals, requesting advice on college lists, chances, and admissions strategy for competitive STEM programs.",356,0.2
33,AI as the New Calculator,"Educators liken AI to calculators, urging foundational learning and critical thinking first, then teaching appropriate, efficient tool use and timing in classrooms.",338,0.19
34,Mandating Google Docs Version History,"Instructors mandate Google Docs version history/edit tracking to verify writing process, detect AI-generated work, and document group contributions; students must provide histories on request or face penalties.",334,0.188
35,AI Bubble and Dot-Com Parallels,"AI seen as an overhyped, investor-driven bubble like dot-com: huge funding and costs, shaky productivity and profits, impending burst, layoffs, and consolidation where only top models and few firms remain.",332,0.187
36,Choosing a CS/Data Science Program: UIUC vs Alternatives,"Students compare CS-related options—UIUC, Purdue, SCU, UW, UCs—considering direct admission vs transfers, cost/scholarships, prestige, research/internship access, campus culture, location, and effects on grad-school prospects.",329,0.185
37,Value of a CS Master’s vs Experience,"Evaluates the ROI of a CS master’s versus immediate work: beneficial for research/ML specializations, but experience, employer-funded study, and soft skills often outweigh immediate graduate study.",297,0.167
38,Turnitin AI Detection Reliability,"Discussion of Turnitin's AI detection: probabilistic scores, false positives, variable reliability versus plagiarism matching. Emphasizes instructor judgment, tool as adjunct, student disputes, and community checks or modifications affecting flags.",289,0.163
39,Data Engineering vs Data Science Roles,"Differentiating data engineer, data scientist, and ML engineer roles, responsibilities, ETL/pipelines, required skills, hiring trends, and career advice/resources for entering data engineering.",284,0.16
40,AI Art Ethics and Value Debate,"Critiques of AI-generated art: lack of artist consent for training data, perceived absence of human process/skill, devaluation of originality; many artists reject AI art as true art.",279,0.157
41,Machine Learning Job Interview Experiences,"Candidate experiences detailing ML/MLE interview pipelines: phone screens, OA, technical coding and theory, behavioral/leadership principles, team matching; typical questions, preparation tips, and handling feedback across rounds.",277,0.156
42,Responsible AI Use in Education,"Advocating integrating AI into schooling: teach students responsible, productive use; redesign assignments to reduce misuse; and retool classrooms and systems rather than banning or policing AI.",270,0.152
43,College Writing and AI,"Instructors outline strategies for structuring writing courses—short/long essays, process checkpoints, reflections, specific prompts, oral components, portfolios, and AI literacy—to promote authentic voice and limit generic AI-generated work.",249,0.14
44,Em Dashes in AI-Generated Writing,"Em dash usage patterns—spacing, consistency, overuse—linked to ChatGPT; AI shows uniform em dashes without spaces, unlike human writing’s mixed dashes, hyphens, or semicolons.",247,0.139
45,Accuracy and Use of AI Detectors in Education,"Debate over AI text detectors’ reliability: educators using multiple tools, frequent flags, confessions, and concerns about false positives prompting rewrites and questioning assumptions that detectors don't work.",247,0.139
46,Philosophy vs CS/AI/Cognitive Science Paths,"Undergraduates debating majors and PhD routes across philosophy, CS/AI, math, and psychology/cognitive science; considering ethics, impact, departmental fit (analytic vs continental), and job prospects.",240,0.135
47,AI Enthusiast Discord Community Invite,"Invitation to join a global, interdisciplinary Discord community for sustainable AI development, coding projects, knowledge sharing, and collaboration among students, professionals, and educators.",240,0.135
48,Python/NumPy Neural Network Implementation,"Building and debugging feedforward neural networks (XOR) with sigmoid activation, multiple layers, weight initialization, and backpropagation, plus tutorials and critiques of neural network methods.",239,0.134
49,PhD Needed for AI/ML Research Careers,"Consensus that AI/ML research roles typically require a PhD; a master’s is for learning, not enough for research-track jobs; corrects misconceptions about PhD paths.",238,0.134
50,Law Degrees and Careers,"Explores differences among JD, LLB, LLM, SJD; entry to practice versus academia; LLM routes for non-law backgrounds; and career and CV advice for law graduates lacking qualification.",227,0.128
51,AI-driven homeschool learning apps,"Homeschool parents/developers discuss personalized educational apps for kids—spelling, interactive stories, Quran memorization—using AI, spaced repetition, and progress tracking, seeking feedback on features, pricing, trust, and curriculum fit.",214,0.12
52,Chatbots and Conversational AI Development,"Overview of rule-based vs NLP chatbots; building and deploying via APIs and frameworks (Microsoft Bot Framework/LUIS), multi-channel integration, hosting, and implementation in C#/JavaScript using preset replies or machine learning.",208,0.117
53,AI in Student Writing,"Debate on AI in student writing: limits in scaffolding and synthesis, authenticity and ethics concerns, widening skill-perception gap, detection challenges, and rethinking writing instruction as AI becomes ubiquitous.",207,0.116
54,ChatGPT for Academic Writing Support,"Debates and guidance on using ChatGPT to refine grammar, tone, and structure in academic texts, acknowledging its limitations versus human writing and addressing ethical, institutional, and plagiarism concerns.",202,0.114
55,AI Plagiarism and Detection,"Guidelines and debates on whether AI-generated text constitutes plagiarism, institutional definitions including AI use, citation expectations, and reliance on plagiarism/AI detection tools.",194,0.109
56,Real-world GitHub Copilot effectiveness,"Users find Copilot helpful for boilerplate and autocomplete but prone to misguesses and subtle bugs, with limited productivity gains; usage metrics may overstate its true coding contribution.",192,0.108
57,Introduction to Machine Learning,"General discussion of machine learning concepts and algorithms, including linear regression and aggregation techniques; questions and remarks about what machine learning is and its uses.",182,0.102
58,Beginner Web Development Learning and Projects,"Beginners share self‑taught web development paths and project‑based learning, outlining resources and curricula while tackling HTML/CSS/JavaScript/PHP projects like e‑commerce sites and strategies to escape tutorial hell.",179,0.101
59,CS Job Market Pessimism Debate,"Debate over a professor’s pessimistic claims: CS oversupply, outsourcing, end of Moore’s law, AI hype, recession, education decline; rebuttals cite continued demand, innovation, and limits of cheap labor.",176,0.099
60,AI-Powered Assessment and Learning Platforms,"Posts introducing AI-driven education platforms offering personalized assessments, content creation, and interactive learning tools, targeting educators and learners and seeking feedback on features, scalability, and best practices.",175,0.098
61,CS and Data Science Majors/Minors Planning,"Exploring CS, Data Science, and Statistics academic paths: choosing majors/minors, double majors, program combinations, and internships; evaluating AI/ML overlap and advising CS major with stats minor over standalone Data Science.",174,0.098
62,Linear Algebra for Machine Learning,"Emphasizes linear algebra as the core framework for machine learning and beyond; understanding high-dimensional spaces, matrices, vectors, and some calculus (gradients) is essential for practical algorithms.",174,0.098
63,ML/DS Internship Resume Feedback,"Candidates seek feedback to refine resumes versus CVs to increase interview callbacks for machine learning, data science, and software development internships, especially for PhD students.",173,0.097
64,Environmental Impact of AI Data Centers,"AI data centers consume significant electricity and water, generating carbon emissions and e-waste. Their energy demand is additive, sparking debate over sustainability and even dedicated power sources.",171,0.096
65,Blockchain Hype and Skepticism,"Critical discussion mocking blockchain buzzwords and bandwagoning; questioning real-world adoption and utility, especially versus AI, and noting companies tout it mainly for hype and stock bumps.",170,0.096
66,Bioinformatics and Computational Biology Pathways,"Guidance on selecting majors, programs, and research focuses (CS vs biochem, BME vs CS, regeneration vs CAR-T) for careers in bioinformatics, computational biology, genomics, and precision medicine.",166,0.093
67,ChatGPT Citation Hallucinations,"Users report ChatGPT fabricates or misattributes citations and fails to produce proper in-text references, leading to inaccurate bibliographies; some suggest requiring precise citations to detect AI-generated academic work.",164,0.092
68,Rubrics to Penalize AI-Generated Writing,"Designing and applying grading rubrics to flag and penalize AI-like writing patterns, share criteria with students, and use professional judgment to distinguish genuine elevated prose from inflated AI-generated text.",164,0.092
69,CS vs EE vs CE: Degree and Career Paths,"Comparing CS, EE, and CE—curricula, hardware vs software focus, embedded systems, robotics/AI aims, job outlook, and paths like double majors or EE BS + CS MS for versatility.",163,0.092
70,Educational Burnout and Life Direction,"Students express depression and frustration with school, consider dropping out or alternative learning, struggle with parental expectations, majors and careers, and seek meaningful paths, motivation, and stability.",162,0.091
71,Medicine vs CS/AI Career Decisions,"Posts seeking guidance on choosing MD, MD‑PhD, or PhD/CS paths, balancing clinical care with research, and transitioning from medical school to computational/AI roles, including feasibility, skills, and outcomes.",158,0.089
72,GPT Model Preference and Superiority,"Conversation about using GPT, comparing it to other models, praising GPT as superior and recommending asking/using GPT over current alternatives.",157,0.088
73,ChatGPT and Professional Email Etiquette in Academia,"Using ChatGPT to draft and refine professional emails in academic settings, including etiquette instruction, professors’ reactions to AI-composed messages, and humorous or corrective responses to student communications.",151,0.085
74,AI and the Physician Workforce,"Debate on whether AI reduces physician demand; increases efficiency, shifts tasks, affects radiology/diagnosis, may expand complex surgeries; addresses overwork, training, and healthcare capacity.",150,0.084
75,Web Development Roles and Specializations,"Explains web development and its roles (frontend, backend, fullstack, DevOps, mobile), why it’s popular and accessible, skills and tools required, and contrasts with ML, embedded, and other engineering fields.",147,0.083
76,Hidden White Text in Assignments for AI Detection,"Using hidden white-font text in assignments to trap AI usage; examples, student deception, ethics, Canvas formatting limits, and practical detection or follow-up steps for academic integrity.",142,0.08
77,Stop using AI,"Messages urging people to stop or significantly reduce AI use, especially in learning and job tasks.",141,0.079
78,Student Use of Generative AI in Education,"Debate on student use of generative AI in education, including resistance in math, survey assumptions, and emerging policies (e.g., Japan) requiring prompt disclosure to assess understanding across cultures.",141,0.079
79,ATS and AI-Driven Resume Filtering,"Debate over ATS capabilities and AI/keyword filtering in hiring: concerns about AI-generated resumes gaming systems, misunderstandings about ATS features, prevalence of manual review, and risks of legitimate candidates being filtered.",139,0.078
80,Toxic PhD Supervision,"Grad students describe neglectful or exploitative advisors: lack of mentorship, isolation, credit hoarding, blocked opportunities and rescinded positions, causing demoralization, career uncertainty, and mental distress about academia.",135,0.076
81,"AI as Learning Tool, Not a Crutch","Users view AI as a helpful learning tool but emphasize critical thinking, verification, and active engagement. Don't blindly trust outputs; use AI to upskill, not replace thought.",134,0.075
82,Critique of LeetCode Interviews,"Discussion criticizing companies’ reliance on LeetCode-style coding problems in interviews; memorization, questionable effectiveness, and AI tools' impact on assessing candidates, especially for ML roles.",133,0.075
83,AI-Assisted Writing: Cheating or Legitimate Tool,"Debate on using AI in writing—some call it cheating, others defend AI as an editing/feedback aid akin to spellcheck or beta readers, improving learning, flow, and style amid stigma.",132,0.074
84,Generative AI Hallucinations and Reliability,"Discussion of generative AI hallucinations, their risks and detection, educational implications, and vivid examples like fabricated alligators in Svalbard and erroneous chatbot claims, emphasizing source-checking and limitations.",131,0.074
85,COVID-era schooling and AI,"Teachers reflect on pandemic learning loss and remote-teaching failures, warning against AI replacing classrooms; note students’ academic/social setbacks and mixed parental responses as schools readjust post-COVID.",127,0.071
86,AI’s Impact on Legal Careers,"Discussion on AI in law: human licensing limits lawyer replacement, support roles more automatable, saturated legal market, and guidance for law students to prioritize legal training over building AI.",125,0.07
87,"French education, retraining, and study tips","French-language discussions on education: tech career reconversion via bootcamps/École 42, teaching jobs and salaries in France, and practical study and memory techniques.",123,0.069
88,Machine Learning vs Deep Learning Trade-offs,"Explains AI, ML, and deep learning hierarchy; contrasts linear models with neural networks; discusses interpretability, resource constraints, data representation, training, and choosing deep learning versus simpler models.",121,0.068
89,Resume Optimization and Job Search Strategies,"Guidance on resume formatting and keyword tailoring, LinkedIn use, applying early, ATS/recruiter processes, and interview prep to improve hiring chances for students and job seekers.",119,0.067
90,Student final-year app and AI project ideas,"Guidance and idea lists for student final-year projects, focusing on app/web and AI/ML solutions across domains (VR/AR, health, education), with feasibility considerations and engineering use cases.",118,0.066
91,Otter.ai Transcription for Lectures & Meetings,"Users discuss using Otter.ai for transcribing meetings and lectures, its summaries/diarization, subscription limits, and seek accurate, high-volume, live transcription apps with long-term storage, preferably free or cheaper alternatives.",116,0.065
92,Frustration with AI Writing and Detectors,"Users vent that AI writing is lifeless; human writing, even flawed, is better. They distrust AI-detection tools, fearing harm to academic and legitimate writers and diminished joy in writing.",115,0.065
93,Comet Browser Referral for Free Perplexity Pro,"Guide to using Perplexity's Comet browser referral program to earn payouts per verified signup and get Perplexity Pro free; requires desktop, fresh Gmail, same Google account, track via Dub.",113,0.064
94,Law School Realities,"Anecdotal guidance on law careers: LSAT-driven admissions, non-elite paths, heavy debt, oversupplied jobs, tedious practice, bar exams; family’s JD/LLM/MBA trajectory into teaching/consulting; urge shadowing lawyers before committing.",111,0.062
95,LLM Hype vs AGI Prospects,"Debate over LLMs: skeptics argue hype, limited utility, and AGI insufficiency; practitioners counter with compound systems, RAG, specialization, and horizontal scaling beyond Moore’s law despite next-token limitations.",110,0.062
96,Debate Over AI Use as Cheating,"Discussion framing AI use in coursework as cheating, accusations and distrust, calls for clear rules and civility, and concerns about misuse, dishonesty, and broader ethical and environmental issues.",108,0.061
97,Fakespot Amazon Review Authenticity Analysis,"AI-powered Fakespot reports grading Amazon product reviews for authenticity, flags fake reviews and unreliable sellers, and provides adjusted ratings and trust grades, not assessing product quality.",107,0.06
98,Ethics of ChatGPT in Academic Writing,"Debate over whether using ChatGPT to structure or polish papers is unethical or plagiarism, and discussion of authorship credit for AI tools versus human contributors and traditional research software.",107,0.06
99,Anonymous AI-in-education survey recruitment,"Recruitment posts inviting students and educators to complete brief, anonymous academic surveys on AI/trust and assessment, with links, estimated minutes to complete, and thanks for participation.",106,0.06
100,AI Literacy for Kids,"Parents and educators promoting AI literacy for children: ethical, critical use, source evaluation, prompt quality; argue guidance and education, not resistance, will prepare kids as AI becomes ubiquitous.",105,0.059
101,AI Cheating in Coding Interviews,"Concerns and practices around detecting AI-assisted cheating in coding interviews: in-person proctoring debates, red flags, screen-sharing checks, trick questions, and rejecting candidates perceived as AI-reliant.",105,0.059
102,GRE to Offset Low GPA in Grad Admissions,"Applicants discuss leveraging strong GRE scores, research, and experience to counter low GPAs when applying to MS/PhD programs, considering US vs European requirements and post-bacc options.",104,0.058
103,Toxic Managers and Career Strain,"Employees describe toxic managers, blocked promotions, misaligned roles, and dysfunctional teams, leading to burnout, mental health strain, and difficult job searches or team transfers in the tech industry.",104,0.058
104,AI detection in college admissions essays,"Critiques use of AI detectors by admissions officers, citing high false positives/negatives, difficulty detecting edited AI, potential bias and applicant pool harm, and proposing phasing out essays.",103,0.058
105,AI-Assisted Grading of Assignments,"Using AI tools to automatically grade student essays and papers, streamlining grading and reducing instructor workload.",102,0.057
106,Data Science Training & Careers,"Guides and opinions on data science education: comparing university programs and PG courses, required skills and degrees, and career paths into analytics, consulting, hedge funds, and data scientist roles.",102,0.057
107,Cursor AI Code Editor Discussion,"Experiences and critiques of Cursor, an AI-powered VS Code-like IDE: quick app building, interview expectations, transparency and billing issues, limited model control/API keys, bugs, and comparisons with VS Code/Vim/alternatives.",101,0.057
108,AI Cheating in Asynchronous Online Courses,"Instructors debate viability of asynchronous online classes amid widespread AI-assisted cheating, limited proctoring, and shifts toward in-person exams and alternative assessments to protect academic integrity.",101,0.057
109,OpenAI benchmarks and profitability,"Debates over OpenAI’s benchmark integrity and competitive performance, alongside discussion of its business economics: billion-dollar revenue prospects, profitability constraints, and reducing expensive inference costs.",98,0.055
110,ChatGPT vs Calculators Reliability,"Users argue ChatGPT is unreliable for math and real-world decisions, contrasting it with calculators/Wolfram’s consistent, explainable methods; highlighting hallucinations, poor reasoning, unsafe advice, and lacking verifiable proofs or sources.",98,0.055
111,AI in Teacher Lesson Planning,"Teachers discuss creating, reusing, and adapting lesson plans, administrative requirements, and selective AI use—helpful for rote tasks but unreliable for pedagogy, safety, or classroom management.",97,0.055
112,Magic School AI,"Teachers discussing Magic School AI and similar school AI tools for rubric creation and lesson planning, district use, and comparisons with Diffit.",90,0.051
113,Backend vs Full-Stack Web Careers (Java),"Discussions on choosing backend over frontend/full‑stack web development, emphasizing Java microservices, language selection (Java, Python, C#), enterprise demand, learning paths, and career strategy for job readiness.",89,0.05
114,AR/VR Development Careers & Skills,"Roles, skills, and industry trends in AR/VR: graphics, computer vision/SLAM, tech stacks, key companies, hiring challenges, and career paths, with AR growth and VR niche status.",88,0.049
115,Fear of Being Replaced by AI,"Statements expressing concern or prediction that AI will replace people, emphasizing imminent or inevitable displacement and replaceability by artificial intelligence.",88,0.049
116,"Career Pivots for Fulfilling, Remote-Friendly Work","Professionals weighing offers and paths to avoid pigeonholing, grow transferable skills, and find meaningful, flexible (often remote) roles—considering startups, content, data/tech, and generalist tracks toward leadership, VC, or founding.",88,0.049
117,Econ vs Stats vs Data Science Degrees,"Evaluating econ vs math/stats vs data science degrees for data/ML careers, weighing math depth, programming focus, online options, and implications for master's/PhD eligibility and career outcomes.",88,0.049
118,"Skepticism of AI ""vibe coding""","Debate condemning vibe coding—AI-generated code without understanding—as irresponsible, unmaintainable, and unlikely to ship; degrades codebases and learning, creating downstream work fixing AI-induced problems.",87,0.049
119,Prompt Engineering Skills and Roles,"Discussion of prompt engineering: techniques for crafting prompts to steer LLMs, required skills, day-to-day role of prompt engineers, and debates over the term’s legitimacy/pejorative use.",87,0.049
120,Software Job Offer Compensation Breakdown,"Reports detailing software roles with education and prior experience, locations, salaries, relocation and signing bonuses, recurring bonuses/equity, and total compensation across companies and industries.",86,0.048
121,"Homeschooling experiences, socialization, and extracurriculars","Parents discuss homeschooling methods, curricula, schedules, rich extracurriculars and travel, socialization concerns, sports access, testing and college readiness, contrasting experiences with public/private school.",86,0.048
122,ChatGPT Free vs Paid Monetization,"Users discuss ChatGPT’s free versus paid tiers, anticipated monetization through ads/paywalls, quality differences favoring paid plans, and concerns about inevitable “enshittification” and fees impacting writers.",85,0.048
123,Blockchain Careers and Learning Debate,"Discussions weigh blockchain’s hype versus value, questioning AI-blockchain job viability, practical applications beyond crypto, and whether students should invest time learning blockchain amid polarized community opinions and tutorials.",84,0.047
124,Family Debate: AI Tools vs Coding Fundamentals,"A sibling disputes their father’s advice to rely on AI for building games and websites, advocating foundational programming education over 'vibe coding' and stressing long-term skills beyond creativity.",84,0.047
125,Authentic Reading and Discussion Strategies for Online Classes,"Educators share methods to ensure reading and engagement: low/high-stakes quizzes, annotated readings, discussion boards with peer replies, in-class checks, presentations, and Canvas-embedded activities to reduce AI misuse and improve participation.",83,0.047
126,Jose Portilla Udemy Data Science Courses and Alternatives,"Evaluating Jose Portilla’s Udemy Python for Data Science course versus other bootcamps and platforms (DataCamp, DataQuest), focusing on pricing, content overlap (probability, statistics), and overall value.",81,0.046
127,Canadian Tech Hubs & Salaries,"Discussion of Canada’s tech scene: Toronto leading hub (fintech, major offices), Montreal strong in AI/gaming with lower salaries, Vancouver niches; comparisons of salaries, taxes, and job opportunities.",81,0.046
128,Assessment & Grading Strategies in STEM Courses,"Courses emphasize homework as practice, randomized quizzes, and proctored final exams; harder, concept-focused tests with low grade boundaries and manual grading deter AI cheating and better reflect student understanding.",79,0.044
129,Undetectable AI to Humanize ChatGPT and Bypass Detectors,"Advocating tools that humanize ChatGPT output to avoid plagiarism and evade AI detection systems, promoting bypass techniques for being detected as AI-generated text.",78,0.044
130,Future of Higher Education in the AI Era,"Debate over AI’s disruption of universities—questioning credential-focused models while defending residential, human-centered learning that builds critical thinking, empathy, and dialogue; calls for reform amid information abundance.",78,0.044
131,Limits of AI Text Detectors,"Discussion of how AI text detectors work using statistical probabilities, their unreliability and false positives, especially with mixed human/AI writing and memorized high-probability texts; longer texts yield better detection.",77,0.043
132,Online exam proctoring,"Debate on lockdown browsers and proctoring tools (Respondus, Honorlock): AI webcam/screen monitoring, privacy concerns, false positives, costs, scalability gaps, and widespread circumvention via VMs, multiple devices; testing-center alternatives proposed.",77,0.043
133,LLM-First Implementation,"Advocating LLM-based handling of tasks and queries, integrating ask LLM and search bar features, and clarifying required capabilities and constraints.",75,0.042
134,AI progress: exponential growth vs limits,"Debate between optimism about accelerating AI capabilities and skepticism citing Moore’s Law slowdown, finite resources, data limits, logistic growth, and hype cycles constraining long-term exponential improvement.",75,0.042
135,LLMs vs AI: Capabilities and Limits,"Debate over labeling LLMs as AI, stressing statistical nature and limited reasoning; covers training for uncertainty/abstention, responsible academic use, accountability, and misconceptions about general intelligence.",73,0.041
136,AI-Generated Cover Letters,"Debate on using AI to draft tailored cover letters: advocates use prompt engineering and keyword optimization; critics warn AI-sounding letters get rejected, especially in academia; workflows include VA-run prompts.",73,0.041
137,Choosing Mechatronics vs Electrical Engineering for Robotics/AI,"Comparing mechatronics and EE/CE for robotics/AI careers, balancing interdisciplinary breadth vs specialized depth, controls/electronics emphasis, AI relevance, job market resilience, and ease of switching programs.",73,0.041
138,AI overuse in education; emphasis on people skills,"Students and educators lament AI-driven tasks and pressure to use AI; some counter by designing people-first assessments (oral defenses, rubrics) that reward human understanding over AI reliance.",73,0.041
139,Cloud Platform Certifications (GCP/AWS/Azure),"Advice on selecting cloud platform and earning certifications—particularly GCP—with certification levels and roles, exam prep resources and free tiers, costs, hands-on labs, and career advantages.",73,0.041
140,ChatGPT/Copilot and self-improving SQLi worm concept,"Discussion of ChatGPT/GitHub Copilot alongside a conceptual design for a self-propagating 'defensive' worm using SQL injection, multi-vector spread, C2 reporting, update mechanisms, and ethical/legal cautions.",72,0.04
141,Turnitin AI Detection Usage and Accuracy,"Users rely on Turnitin’s AI detection in education, viewing it as accurate and widely adopted, noting detectors lag AI progress, with automatic departmental checks reinforcing trust.",71,0.04
142,"OpenAI tools, API, and company chatter","Discussion of OpenAI’s API and tools (e.g., Gym), using OpenAI to complete tasks, employment at OpenAI, and comparisons to Nvidia/GPUs; asking if OpenAI already did this.",71,0.04
143,Tech job search struggles and rejections,"CS/IT candidates apply widely, network, and interview but receive few callbacks and repeated rejections; they question causes and seek practical advice to improve resumes, interviews, and outcomes.",71,0.04
144,AI Tools and Examples,"Guides and examples of AI tools and apps, including free options, AI detection tools, and training capabilities, with instructions on how to use them.",70,0.039
145,"Education Debates: School Hours, Teachers, and Child Labor","Debates on compulsory school hours, teacher effectiveness, child labor laws, student mental health, and the value of broad education versus AI/internet, stressing citizenship, options, and responsibility in the U.S.",70,0.039
146,Self-Taught Path to Developer Jobs,"Personal stories and advice on transitioning to web/software development: CS50, building projects, focused learning, certifications (AWS, CompTIA), networking, interview prep, and persistence to land junior roles.",69,0.039
147,AI and Copyright Law Debate,"Discussions on legal status of AI-generated content, authors’ rights, fair use, and evolving copyright law, including ownership, licensing, and court interpretations amid uncertain intellectual property standards.",69,0.039
148,AI CEOs Debate,"Debate over replacing corporate executives with AI making data-driven decisions, envisioning AI-to-AI meetings, while skeptics cite hype-driven choices and investor/shareholder resistance as key barriers.",68,0.038
149,Getting Started with Machine Learning in Python,"Newcomers seeking guidance and resources to learn machine learning/deep learning in Python, including basics like NumPy, pandas, scikit-learn, matplotlib, virtual environments, and step-by-step beginner-friendly tutorials.",67,0.038
150,SpambotDetector summon message,Automated message for a neural-network spam detector; summon with 'isbot <username>'; links to r/SpambotDetector/GitHub; states specific users aren't bots and offers opt-out.,67,0.038
151,AI vs Human Intelligence and Consciousness,"Debate over definitions of intelligence and consciousness, comparing biological brains' adaptability and efficiency to AI's limitations and potential sentience; critiques of hype, fallacies, and intelligence's predictive value.",67,0.038
152,"ChatGPT/Davinci: Fine-Tuning, Compute, and Utility","Explains ChatGPT/InstructGPT (Davinci) foundations, RLHF, fine-tuning and transfer learning approaches, required GPU/IO constraints, and debates over ChatGPT’s usefulness, misconceptions, and skepticism.",66,0.037
153,Learning ML: Math & Courses,"Guides to learning machine learning focusing on prerequisites—linear algebra, calculus, probability—and recommended courses like Andrew Ng/Coursera, fast.ai, MIT OCW, plus practice via Kaggle and projects.",66,0.037
154,Practical ML/AI in Industry and Education,"Discussion on ML/AI’s real-world usefulness across products, not a bubble; approximation benefits; future integration into CS curricula; need balanced skills and infrastructure beyond pure ML research.",65,0.037
155,Teaching Critical Thinking in the AI Era,"Prioritize core critical thinking—question formulation and evaluation of AI outputs—over prompt tutorials, warning that AI reliance may weaken human thinking and disrupt educational goals and knowledge-work roles.",64,0.036
156,Quant/HFT Careers and Transitions,"Career advice and Q&A on breaking into quant/HFT firms (Jane Street, HRT): roles (quant dev/SWE/QR), required skills, interview prep, compensation, culture, hiring timelines, and transitions from FAANG or PhD backgrounds.",64,0.036
157,"Sarcastic ""AI would say"" callouts","Sarcastic remarks claiming statements sound like an AI would say, mocking AI-like phrasing and tone; meta-discussion calling out AI-generated or robotic responses, often with casual slang.",63,0.035
158,Thesis Topic & Supervisor Challenges,"Students struggling to choose thesis topics and advisors, facing data access issues and unresponsive supervisors, exploring feasible approaches using public datasets or surveys to complete digital business/IT theses.",63,0.035
159,Ethical Use of AI,"Discussion on AI ethics—what constitutes ethical vs unethical use, support for embracing AI responsibly, and considerations for using AI to communicate diplomatically while focusing on responsible application.",63,0.035
160,Machine Learning & Data Science,"Techniques, tools, and applications of machine learning in data science and analytics, including algorithms, model training, and AI-driven insights.",62,0.035
161,Turnitin circumvention services,"Promoting unofficial Turnitin access offering similarity and AI-detection reports, claiming no repository submission, to help users avoid plagiarism flags; contact via DM/instructor accounts.",61,0.034
162,AI Use Policies in Higher-Ed Syllabi,"Instructors debate and design AI-use syllabus policies, struggle with student compliance and unreliable detection, consider bans or assignment redesigns, and seek clearer institutional guidance across disciplines.",61,0.034
163,"Data Analyst Skills: Excel, SQL, BI","Recommendations for entry-level data analytics: master Excel, SQL, and visualization (Tableau/Power BI); add Python/MySQL for applied analytics. Emphasis on practical reporting, basic statistics, and demonstrable skills over certificates.",60,0.034
164,Breaking into Data Science Careers,"Questions about pursuing data science careers: switching from other fields, focusing on DS internships vs SDE roles, required skills (Python/SQL/ML), and strategies for job applications and entry-level opportunities.",60,0.034
165,Automated Stock Trading Bots,"Discussion of designing and deploying stock trading bots—data ingestion via APIs, hosting, strategies and backtesting—plus realism about difficulty of profitability against sophisticated quantitative firms.",60,0.034
166,Machine Learning Education & Resources,"Users discuss learning ML for projects and classes, critique poor instructional content, seek clearer math and implementation explanations, express interest and optimism, and share thanks and encouragement.",59,0.033
167,US-China STEM Education and National Security,"Debate over Chinese students in U.S. STEM: stay rates, visa and pay dynamics, university dependence, risks of espionage/dual-use tech transfer, and congressional scrutiny seeking tighter oversight and restrictions.",59,0.033
168,Enduring Cybersecurity Demand,"Cybersecurity remains essential amid constantly evolving attacks. Human expertise and continuous updates outpace full automation; AI and deep learning aid defenses, ensuring persistent demand for security engineers across technologies.",58,0.033
169,CS vs Software Engineering,"Differences and overlap between Computer Science and Software Engineering: theory vs application, program structures and accreditation (P.Eng), course flexibility, hardware focus in CE, similar job outcomes and co-op opportunities.",57,0.032
170,Startups vs Big Tech Careers,"Firsthand comparisons of startups and larger companies: risk vs security, culture and hiring rigor, compensation and promotion tactics, modern stacks, Big N influence, AI/fintech hype, work-life balance.",57,0.032
171,Harvard edX CS Courses,"Guides to building CS foundations via free or low-cost MOOCs—especially Harvard CS on edX—covering programming, algorithms, systems, math, certificates, and practice resources with bootcamp-style alternatives.",56,0.031
172,Learning and Teaching TensorFlow,"Experiences and strategies for learning and teaching TensorFlow, curating resources, handling bugs, preparing presentations and notebooks; plus guidance on building and sharing your own machine learning library.",56,0.031
173,Quantum Computing and AI Careers,"Discussions about quantum computing’s infancy, hype, algorithms, and its intersection with AI/ML; questions about research paths, degrees, and feasibility of specializing without a physics background.",55,0.031
174,"AI, Wix, and Web Dev Automation","Discussion on AI's effect on web development: builders like Wix/WordPress replace simple sites; AI better at boilerplate, weak at complex UI/UX; debate whether backend or frontend automates first.",55,0.031
175,AI Auto-Grading for Math,"Seeking advice on building an AI math auto-grader that delivers detailed feedback, aligns with rubrics, validated by TAs/professors, and integrates with Canvas/Gradescope without increasing workload.",55,0.031
176,Undergraduate research outreach and assistantships,"Students seek research roles by emailing professors for advising/assistantships, presenting AP research portfolios and resumes, and exploring early topics (e.g., EEG + machine learning) to build experience.",55,0.031
177,Glean and Lecture Recording Accommodations,"Debate among faculty, students, and Glean about recording lectures for disability accommodations, data ownership/AI training concerns, transcription and note-taking effectiveness, and evidence of learning benefits.",54,0.03
178,"AI, Cheating, and Pedagogy","Educators debate AI's impact on student cheating: rising perceived impunity, anxiety-driven AI use, detection and policy challenges, moral responsibility, and pedagogical shifts toward assessment redesign and in-class handwritten exams.",53,0.03
179,Ask AI for Help,"Encouragement to ask AI for answers or assistance, deferring questions and tasks to AI for advice, solutions, or fun.",52,0.029
180,ML/AI Product Engineering & Distributed Systems,"Discussions on preparing for ML engineering roles focused on LLM-driven product development, data pipelines, vector databases, and distributed system design; practical skills over deep math, interviews, and career strategy.",52,0.029
181,ChatGPT and Coding: Productivity vs Jobs,"Debate over ChatGPT/GPT as coding assistant: boosts productivity, debugging, learning; concerns about job displacement; skepticism that code generation solves architectural complexity or team/process bottlenecks.",51,0.029
182,AI Automation in Accounting,"AI is streamlining routine accounting (bookkeeping, invoices, document extraction), reducing entry-level roles and some outsourcing, while high-skill work remains; outcomes depend on implementation quality, trust, speed, and cost.",51,0.029
183,Embedded and Software Career Transitions,"Advice and experiences on pivoting within tech—from embedded C/Ada to modern systems or product roles—leveraging prior experience, choosing study paths/certifications, and balancing autonomy, impact, and market competitiveness.",51,0.029
184,Python vs R for Data Science and Visualization,"Comparisons of Python, R, and MATLAB for data analysis and visualization: Python’s versatility vs R’s statistical packages and ggplot/tidyverse; common academic usage; exporting figures and finishing in design tools.",50,0.028
185,AI and Cybersecurity Careers,"Students explore career choices in cybersecurity vs AI, asking about combining fields via ML for threat detection, long-term prospects, required degrees, and roles like ethical hacking and government work.",50,0.028
186,Full-stack JS + Spring Boot/Hibernate debugging,"Troubleshooting EmailJS booking form, React TypeScript Axios/state errors, and Spring Boot Postgres connectivity via Hibernate/HikariCP; logs feature jar/org/hibernate entries and chunked JS bundles.",50,0.028
187,MATLAB vs Python for Scientific Computing,"Comparisons of MATLAB and Python: licensing costs, toolboxes and Simulink, performance in matrix vs complex tasks, industry adoption; guidance to choose language based on project needs.",49,0.028
188,Debating LLMs in Education,"Debate over student and academic use of LLMs: skepticism about classroom utility, readability, and rampant misuse versus 'glasses' democratization framing emphasizing critical thinking, policy responses, and evolving professional collaboration.",49,0.028
189,Workplace AI misuse and guilt,"Employee flags ChatGPT errors to clients; coworkers exposed for overreliance giving wrong info; management adds training/ethics; OP feels guilty, commenters say they saved clients/company and need not apologize.",48,0.027
190,Guilt in Lord of the Flies,"Analysis of guilt in Lord of the Flies, focusing on Ralph, Jack, and the boys’ culpability in the sow hunt, the abandoned signal fire, and Piggy’s and Simon’s deaths.",48,0.027
191,Elon Musk Mars and Self-Driving Controversies,"Heated debate over Musk’s credibility, timelines for Mars colonization, Tesla Full Self-Driving vs Waymo, AI expertise, Lex Fridman interviews, and allegations of exaggeration, grift, and academic record disputes.",48,0.027
192,AI Detectors Misclassify Founding Documents,"Debates about AI text detectors erroneously labeling the U.S. Constitution and Declaration of Independence as AI-generated, underscoring high false positives and reliability concerns.",48,0.027
193,Perusall Teaching & AI,"Educators discuss using Perusall/Hypothesis for social annotation in asynchronous courses, fostering reading engagement via prompts/quizzes, limited platform AI-detection, concerns about tracking copy-paste, and sharing best-practice strategies and RSI considerations.",48,0.027
194,"Learning Python: Courses, Projects, and Resources","Guides, courses, and resources for learning Python and programming basics, including exercises, projects, debugging/testing practices, data structures/algorithms, and advice on progressing beyond basics.",47,0.026
195,Tenure-track faculty burnout and career pivots,"Tenure-track professors lament low pay, heavy teaching and student pressures; explore reducing teaching, moving to departmental administration or staff roles in higher ed, or seeking better-paid alternatives.",47,0.026
196,AI and Data Science Podcasts (Lex Fridman),"Recommendations and praise for AI, data science, and academia podcasts—especially Lex Fridman’s AI show—plus Software Engineering Daily and other science programs featuring expert guests.",47,0.026
197,AI-Resistant Assignment Design,"Calls to redesign assignments for the AI era: in-class supervised work, best practices for AI resistance, and ethical tensions around AI grading versus student AI use.",46,0.026
198,Machine learning for media,"Applying machine learning and data mining to categorize movies and recommend content, and to model or generate music from MIDI notes; includes frameworks, architecture, and techniques like Markov chains.",46,0.026
199,Job shadowing for career discovery,"Advice to explore careers by shadowing multiple roles, learning about preferred positions, then applying; find shadowing opportunities using Shadowing AI or similar platforms.",46,0.026
200,AI Smart Glasses in Exams,"Discussion of Meta/Ray-Ban smart glasses in exam settings: cheating potential, limitations (no display, voice commands), detection cues, disability accommodations, enforcement challenges and practicality.",46,0.026
201,Early Phonics and Sight Words,"Guidance for teaching early reading: start with letter sounds, progress to CVC/CVCE, digraphs/diphthongs and vowel teams, introduce sight words, use short, consistent practice with praise and leveled books.",45,0.025
202,Machine Learning Hype vs Reality,"Debates on ML/AI hype, clarifying ML as statistics-based modeling, distinctions from AI, branding concerns, mainstreaming via big data/compute, and rapid but unevenly understood growth and practical impact.",45,0.025
203,Learning Programming and Early Career Advice,"Personal experiences and pragmatic advice on learning programming: choosing languages, realistic time commitment, building projects, avoiding burnout, and setting expectations for first jobs and interviews, especially for self-taught learners.",45,0.025
204,AI Chatbots & Suicide,"Debate over AI chatbots’ role in suicide cases—misuse as therapists, ethical risks, user/parent responsibility, and whether Character.AI interactions contribute to or mitigate suicidal behavior.",45,0.025
205,Discord-based programming mentorship and study groups,"Posts seeking or offering free programming tutoring, mentorship, or study partners—often for beginners in Python and web dev—coordinated via Discord/DMs with flexible schedules.",45,0.025
206,Game Development Careers and Graphics,"Advice on entering game development: competitive entry-level market, importance of strong graphics skills and portfolios, degrees vs self-directed learning, alternative routes via non-game software, AR/VR and ML relevance.",44,0.025
207,AR/VR Industry & Careers,"Discussion of AR/VR state: hardware limitations, niche adoption, headsets/glasses, skills (Unity, shaders, CV, multiplayer), shifting from gaming to training/enterprise use; potential growth with improved wearable devices.",44,0.025
208,Online CS Master’s (OMSCS) vs On-Campus,"Pros and cons of online CS master's programs (e.g., Georgia Tech OMSCS) versus on-campus; pathways from non-CS backgrounds, employer tuition, costs, and aims in AI, software, and data science.",43,0.024
209,"ChatGPT vs Claude vs Gemini (study, coding, PDF, pricing)",Users compare assistants: ChatGPT preferred for studying; Claude favored for coding; discuss Gemini and Perplexity; issues with PDF export and extensions; ask about student pricing and plan differences.,43,0.024
210,PhD vs MSc Decisions in Cognitive Neuroscience/AI,"Students weigh funded clinical neuro PhDs against self-funded cognitive science/AI master’s, balancing research fit, industry prospects, timelines, and funding, seeking guidance on labs and career paths.",43,0.024
211,AI-Flattened Organizations,"AI enables flatter organizations by merging IC and management roles, automating reporting and decisions, reducing middle management and altering manager job prospects and layoffs.",43,0.024
212,TikTok Algorithm and Moderation,"How TikTok’s AI-driven recommendation system personalizes short-video feeds, creates rabbit holes, shapes teen behavior, and raises moderation challenges, compared with other social platforms; trends amplified via reactions.",42,0.024
213,Tech Sales Career Transitions,"Professionals pivoting into SaaS/tech sales, leveraging prior B2B experience and domain knowledge, exploring certifications and technical upskilling to pursue higher-paying roles like AE, sales engineer, or sales leadership.",42,0.024
214,Open Source Contribution Strategy for ML Engineers,"Guidance on selecting OSS projects, making meaningful contributions, integrating with work, and showcasing results on GitHub to build a portfolio and advance a machine learning engineering career.",42,0.024
215,George Hotz (geohot) & comma.ai,"American hacker famed for iPhone jailbreaks and PS3 hacks; sued by Sony; later founded comma.ai for vehicle automation/ML; emblematic of AI as a ""cool job.""",42,0.024
216,SQL Learning Resources and Platform Reviews,"Recommendations for mastering SQL via hands-on courses and exercises (Udemy, freeCodeCamp, LeetCode); look for window functions; criticism of DataLemur’s weak validation and ads; modest hardware suffices.",42,0.024
217,AI-Powered Personalized Learning,"AI tools personalize instruction, automate grading and admin, deliver analytics and virtual tutoring, enhance engagement and accessibility, and transform classrooms while raising considerations around ethics, privacy, and equitable access.",41,0.023
218,Data/IT career choices and AI reliability concerns,"Posts debating data science versus actuarial or IT studies, job prospects in tech, anxiety about market saturation, and critiques of GPT hallucinations undermining trust in academic or professional citations.",41,0.023
219,CS undergrads seeking internships and resume-building,"Underclass CS students seeking summer internships, worried about limited experience, comparing to peers; asking for resume-building strategies, personal projects, alternatives to internships, and career fair/elevator pitch tips.",41,0.023
220,CS Curriculum and Coursework,"Overview of CS degree: programming, data structures, algorithms, discrete math, theory of computation, architecture, languages, electives (AI, databases, OS), plus math requirements (calculus, linear algebra), varying by institution.",41,0.023
221,Debate over 'delve' as an AI buzzword,"Conversation about the word 'delve': some see it as AI-generated jargon; others note its long-standing use in gaming, archaeology, and media, predating ChatGPT, rejecting AI 'hijacking' claims.",41,0.023
222,Selecting a top CS/AI master’s: ETH vs alternatives,"Weighing ETH Zurich against UCL, TUM, Imperial and Canadian schools using rankings, costs, scholarships, location, and research/teaching fit for theoretical CS/AI master’s decisions.",40,0.022
223,Racial Bias in AI and Facial Recognition,"Discussion of AI bias, including racist outcomes in chatbots and facial recognition; references to Gebru, Bender, and Boulamwini; calls for caution, diverse data, and multi-source verification.",40,0.022
224,CS Career Path & Specialization,"Students seeking guidance on selecting CS specializations (web, ML, mobile, cybersecurity), self-paced learning strategies, interview/DSA preparation, and balancing coding with business-oriented roles.",39,0.022
225,Study Buddies and Accountability Sessions,"Seeking study partners and hosting online accountability sessions with icebreakers, AI-as-study-buddy tips, focus time, and resource sharing; open to all; DM to join.",39,0.022
226,ChatGPT impact on developer jobs and UBI,"Debate on ChatGPT automating software work: productivity gains may cut engineering hires, especially juniors; skepticism persists; concerns over Big Tech motives; calls for UBI and shifted developer roles.",39,0.022
227,Programming eBook Bundle Skepticism,"Users criticize Humble/Packt bundles and cookbook collections for low quality, redundancy, outdatedness; recommend buying single high-quality titles or alternative resources (Manning, O'Reilly, No Starch) instead.",39,0.022
228,"CS Coursework, Math, and AI Prep","Advice and discussion on computer science education: value of math/discrete structures and algorithms, choosing CS courses (intro, C/C++/Python), balancing theory with practical projects, and preparation for AI/ML and careers.",39,0.022
229,AI downvoting and responsible use,"Users note AI posts get downvoted in the sub; share resources and successes promoting responsible AI guidelines, education, and constructive applications despite prevailing negativity.",39,0.022
230,Math-Heavy Data Science and Machine Learning,"Emphasizes math/statistics foundations, Python/R skills, and proper model evaluation in data science and machine learning, contrasting theory vs applications and warning against superficial high scores from preprocessing errors.",39,0.022
231,CRUD vs Complex Software,"Debate on CRUD applications: definition, legitimacy, and engineering complexity. Many apps are CRUD, not pejorative; contrasted with computationally complex software. At scale, performance and systems concerns still require strong engineering.",39,0.022
232,Product Management vs Data Science Career Choices,"Professionals debating moves among PM, data science, and related roles, weighing pay, work-life balance, people interaction, growth ceilings, interview prep, and entrepreneurship ambitions.",38,0.021
233,Educational presentation tools and AI,"Comparisons of PowerPoint, Google Slides, Canva, Keynote, Prezi, and AI/interactive tools for designing, generating, and redesigning educational slides while preserving content and enabling streamlined online access.",38,0.021
234,Self-directed Web Development and CS Learning Roadmaps,"Posts outlining structured paths and resources (FreeCodeCamp, Odin Project) for HTML/CSS/JavaScript, Python, Node/React, CS fundamentals and DSA practice, emphasizing projects, interview prep, and managing AI dependency.",38,0.021
235,Career Transitions After Teaching Abroad,"Teachers with international experience exploring non-teaching careers, comparing pros/cons, stability, benefits, travel, and work-life balance while reassessing education’s viability and seeking secure, fulfilling paths.",37,0.021
236,Block AI Results in Search,"Suppress AI results: In Google, Tools > Verbatim hides AI overviews; on iPhone Safari, Customize Search Engine can block AI in Google; DuckDuckGo lets you disable its AI.",37,0.021
237,"Facebook and Big Tech: Innovation, Scale, and Privacy","Debate comparing Facebook and peers on innovation versus scale, product quality, user impact, data privacy, and the complexities of policy and content moderation in massive platforms.",37,0.021
238,AI in Engineering and QSAR,"Applying ML/AI (neural nets, random forests) to CFD/FEA and drug discovery QSAR; focus on descriptors, surrogate models, data quality, and validation.",37,0.021
239,AI Skepticism and Creative Displacement,"Discussions express fear and skepticism about AI, its encroachment on music and art, the difficulty distinguishing real from synthetic, and propose new human roles coordinating and filtering AI outputs.",37,0.021
240,AI permanence and rapid improvement,"Discussion asserts AI’s permanence and rapid advancement: heavy investment, mass deployment, and quick resolution of current errors; hopes AI prevents negative outcomes.",36,0.02
241,International MS Data Science Admissions Advice,"International applicants assess GPA, GRE, coursework, and DS experience to gauge chances and seek recommendations for target, reach, and safety universities for MS/Stats/CS programs.",36,0.02
242,Grammarly vs ChatGPT for Writing,"Debating and comparing Grammarly (Premium/Pro) with ChatGPT: grammar correction vs content generation, rewriting features, ethical concerns in graded writing, and practical usage recommendations.",36,0.02
243,AI vs ML vs Data Science,"Explains distinctions and overlaps: data science draws insights with statistics; machine learning is a tool and AI subset; current AI is task-specific, not general, suitable for certain problems.",36,0.02
244,AI Plagiarism Detection in Student Work,"Educators use AI detectors, document history, comparative writing samples, tailored prompts, source checks, and student interviews, escalating to academic offices, to gather evidence and address AI-generated papers.",36,0.02
245,Human-Centered AI in Education,"AI isn't going away, but schools should prioritize care, trust, fundamentals, and structural reform; resist venture-driven shortcuts; use AI appropriately to enhance relationships and learning for kids.",36,0.02
246,Rails vs Django/Python: Popularity and Jobs,"Discussion comparing Ruby on Rails and Python/Django/Flask: Rails jobs and developer experience versus Python’s AI/ML popularity, explaining Google Trends gaps and advising choice based on goals and use cases.",35,0.02
247,Breaking into CS/tech careers,"Advice-seeking on transitioning into CS: choosing bootcamp vs MS, filling skill gaps, competitive programming, portfolios, and strategies for internships and entry-level jobs from nontraditional or low-tier backgrounds.",35,0.02
248,AI/ML CS grad SOP review requests,"Applicants for MS in CS (AI/ML) soliciting harsh critique of Statements of Purpose, sharing program guidelines and requesting DM/comment reviews to strengthen fit presentation to admissions committees.",35,0.02
249,Profane Anti-AI Sentiment,"Intense hostility toward AI and AI detection tools, expressed through profanity and rejection; dismissive, angry tone, refusing to redo tasks.",35,0.02
250,Core CS Curriculum: DSA and Systems/OS,"Discussion of undergraduate CS coursework, stressing data structures and algorithms and systems/operating systems as most valuable for industry and interviews, with notes on variable course quality and application-focused electives.",35,0.02
251,Machine Learning Engineer Careers,"Machine learning engineer job role and career path: core ML skills, engineering responsibilities, and opportunities for engineers seeking or building a strong ML engineering career.",35,0.02
252,"US tech hubs: NYC, Chicago, Denver, Pittsburgh, Seattle","Comparing tech hubs’ opportunities, salaries, lifestyle, and cost of living across NYC, Chicago, Denver, Pittsburgh, Seattle; mentions companies (Bloomberg, Google), anchors (CMU), satellite offices, finance niches.",34,0.019
253,Job Shadowing Opportunities via Shadowing AI,"Promotes finding and pursuing company job shadowing positions to gain on-the-job experience, repeatedly encouraging use of Shadowing AI and continued searching for available shadowing roles.",34,0.019
254,Custom YouTube Course Playlists,"A free app that builds tailored courses from user outlines by curating expert YouTube videos, moving away from AI-generated lessons; seeking learner feedback on usefulness and desired features.",34,0.019
255,AI/ML as Buzzwords and Misconceptions,"Debate on AI/ML as overused buzzwords, widespread misconceptions, and hype versus reality—ML lacks true reasoning; critiques of inflated expectations and misapplied terms in industry projects.",34,0.019
256,Student outreach email requesting RA position in biology/machine learning lab,"High school student seeks research assistantship, citing biology and machine learning interests, professor's TEDx talk, and readiness to learn prerequisites; requests discussion of lab opportunities and potential contributions.",34,0.019
257,AI-Crypto Hype Cycle,"Critiques that AI mirrors past crypto/blockchain hype: FOMO-driven 'bro' culture, scams, GPU gold-rush enriching sellers, overblown promises, toxicity, and an inevitable plateau.",34,0.019
258,ChatGPT for Resume Tailoring & Interview Prep,"Using ChatGPT to tailor resumes and cover letters to job descriptions, generate interview questions and responses, highlight transferable skills, and plan follow-ups; plus practical onsite interview tips.",33,0.019
259,Teachers' AI Dilemma,"Teachers share frustration with AI errors and student misuse, debating policies and assessments, and whether to resist or accept AI to manage workload, enrollment, and grading.",33,0.019
260,Bypassing AI Detectors with WalterWrites Humanizer,"Users discuss unreliable AI detection (Turnitin, GPTZero) flagging formal writing and using Walter/WalterWrites humanizer to soften tone and evade false positives.",33,0.019
261,Data Science Influencer Hype vs Reality,"Debate over YouTube/MOOC influencers promoting ML-heavy advice, accused of harming young job seekers and peddling courses, versus defenders claiming shared experiences are valid; calls for industry-grounded guidance.",33,0.019
262,Project-Based EdTech and Online Learning Ecosystems,"Modern education is shifting to EdTech: AI/VR, data analytics, booming online learning, and project-based, decentralized platforms for intermediate learners delivering practical, career-focused upskilling worldwide.",33,0.019
263,Zongadetect AI Plagiarism Checker,"Promoting Zongadetect for students: a user-friendly plagiarism and AI-generated content detector offering a free trial, flexible pricing, and fast results to support thesis integrity and reduce academic stress.",33,0.019
264,Company AI Adoption Debate,"Debate within companies over AI value and mandates: some see productivity gains, others criticize forced usage and errors; discussion of tracking AI use, performance expectations, and prioritizing domain knowledge.",33,0.019
265,CS PhD Admissions Advice,"Guidance on CS/AI PhD admissions: prioritize research experience, publications, and faculty fit; craft a focused SOP and strong recommendations; GPA/GRE matter less; pursue undergraduate research, even outside exact interests.",32,0.018
266,"Paid Work, Gig Economy, and Surveys","Overview of paid employment and earning methods—from formal jobs to freelancing and Get-Paid-To survey sites—covering income, skills, gig economy trends, challenges, and considerations for career planning.",32,0.018
267,Programming Careers and Learning Paths,"Developers balancing jobs and study: self-taught coding, game-development ambitions, prioritizing skills, time management, and re-skilling for modern technologies and remote-friendly roles.",32,0.018
268,AI Bootcamps & Workplace Skills,"Intense, free, project-based AI bootcamps where grads clone apps (Slack, Zendesk, TikTok) weekly for jobs; emphasis on collaboration, listening, conflict resolution, and win-win teamwork in modern companies.",31,0.017
269,Netus AI for AI-Detection Evasion,"Recommends using Netus AI to avoid or bypass AI-generated text detectors, repeatedly advising to ""just use Netus AI"" for evading detection.",31,0.017
270,AI Ceilings vs Self-Improving Narrow AI,"Debate on AI ceilings with current tech versus prospects of self-improving, narrow AIs driving an intelligence explosion; skepticism about hype, human comprehension limits, and AI safety concerns.",31,0.017
271,DE to MLE Transition Expectations,"Questions about moving from Data Engineer to Machine Learning Engineer: responsibilities, remote/WLB, compensation targets, educational paths (certs vs OMSCS), and what to expect in MLE interviews.",30,0.017
272,"Bias, DEI, and Pay Equity in Tech","Debates about sexism and racism in tech: harassment and bias against women, DEI backlash, AI bias, and disputes over pay equity, salary transparency, and compensation practices.",30,0.017
273,Using Blackbox AI for Summaries and Math,"Users share experiences using Blackbox AI for text summarization and math help, praising its capabilities and comparing it with other AI tools like Cohesive.",30,0.017
274,University inaction on AI cheating,"Faculty lament university 'zero-tolerance' rhetoric but weak enforcement of AI cheating; burdensome proof requirements, fear of lawsuits/retention; students deny consequences; instructors shift to rubric-based grading emphasizing critical thinking.",29,0.016
275,AI in K-12 teaching,"Teachers discuss district-promoted AI tools for grading and lesson planning, benefits in saving time, concerns over quality, ethics, originality, and job impact, alongside burnout and professional development pressures.",29,0.016
276,Online Teaching Burnout and AI Cheating,"Teachers forced into online instruction describe widespread AI-enabled cheating, disengaged students, grade inflation, and burnout, leading to lowered standards and reluctance to report misconduct.",29,0.016
277,Computer Vision Career Strategies,"Advice on pursuing computer vision roles: value of projects and research, masters vs online certificates, PhD expectations, networking with faculty, building demos, internships, open-source, and broadening job search.",29,0.016
278,"AI, Indians, and harmful labor stereotypes","Mentions Indians and AI with affordability themes, containing harmful stereotypes and insinuations of exploitative labor, comparing Indians to Americans.",29,0.016
279,ChatGPT reliability and fact-checking,"Debate on ChatGPT’s trustworthiness: critics note inaccuracies and fabricated sources; supporters use it for leads and perspectives, emphasizing verification, caution, and not treating it as an authoritative source.",28,0.016
280,Autonomous and Flying Cars,"Debate compares AI to self-driving progress: complex, regulated, and years from ubiquity. Corner cases stall full autonomy; acceptance lags. Flying cars hinge on autonomy breakthroughs, offering near-term research opportunities.",28,0.016
281,AI in Homeschooling Debate,"Homeschool parents debate using AI: offers efficiency and tutoring but risks cheating, shallow learning, distraction, and premature tool reliance; emphasis on hands-on parental guidance and individualized curriculum choices.",28,0.016
282,LinkedIn AI Hawk: Automated Job Applications,"AI bot 'LinkedIn AI Hawk' auto-applies to jobs by analyzing profiles and postings, generating tailored CVs/cover letters and recruiter replies, enabling high-volume, customized applications to bypass screening systems.",28,0.016
283,AI Detectors Falsely Flag Autistic Writing,"Concerns that AI-detection tools misidentify autistic/neurodivergent students’ formulaic writing as AI-generated, causing false accusations in academia and calls to stop penalizing or forcing them to change writing styles.",28,0.016
284,Humanities Comeback and STEM Integration,"Debate over STEM dominance and humanities rigor, with evidence of a humanity-centered resurgence through interdisciplinary programs, ethics in tech/climate, increased funding, yet hampered by incomplete data and fragmented identities.",28,0.016
285,AI-Generated Writing and Academic Integrity,"Educators confronting suspected AI-written reports and papers, setting ethics policies, detecting misuse, handling disputes, and deciding grading or sanctions amid limited proof and institutional constraints.",28,0.016
286,CS Degrees vs Self-Taught/Bootcamp Paths,"Debate over necessity of four-year CS degrees versus self-taught/bootcamp paths; web dev commoditization, importance of CS fundamentals, curriculum design, and AI’s impact on industry roles and adaptability.",27,0.015
287,AI’s Longstanding History and Misconceptions,"Argues AI isn’t new: it has existed for decades, from tic-tac-toe programs to Scantron assessments; 'virtual' terminology predates hype, and media fosters public misunderstanding.",27,0.015
288,AI Voice Notes & Transcription Apps,"AI tools using Whisper/GPT to transcribe audio to text, translate, summarize meetings, create action plans, and export edited notes to Notion or other apps.",27,0.015
289,r/learnprogramming AutoModerator code screenshot warning,"Automated Reddit message warning users not to post code screenshots, instructing proper code formatting, advising to edit posts and contact moderators if needed.",27,0.015
290,DecentralGPT decentralized AI with rewards,"Promotional content for DecentralGPT, a decentralized, uncensored AI hub offering GPT/Claude/DeepSeek access, privacy via distributed GPUs, and DGC token rewards for usage; anti-big-tech, join-the-rebellion messaging.",27,0.015
291,Developer Imposter Syndrome with Library Reliance,"Developers feeling imposter syndrome when relying on packages/libraries; questioning legitimacy of selling such apps; advice to learn underlying tools, fundamentals, and best practices to build confidence.",27,0.015
292,AI in IEP Development,"Debate among special educators about using AI to draft IEPs—concerns over legal/ethical integrity and individualized goals versus advocates citing efficiency, standardized language, confidentiality-safe use, and integrated databases to reduce workload.",26,0.015
293,Interactive Webinar Platforms for Lead Generation,"Reviews and comparisons of webinar software for educational marketing, emphasizing interactivity (Q&A, polls, screen sharing), AI automation, analytics, and CRM integrations to drive attendee engagement and nurture leads.",26,0.015
294,Math in CS Education and Careers,"Students debate adding math majors/minors to CS, asking which CS fields are math-heavy, what math is useful (e.g., ML), and whether high-paying CS jobs require heavy math.",26,0.015
295,Practical GenAI use in R coding,"AI helps troubleshoot and style code/graphs; overreliance risks errors. Building R templates and reference docs, and heeding journal policies, offer more reliable, time-saving workflows.",26,0.015
296,Enterprise LLM/Copilot Adoption & Risks,"Organizations explore LLMs/copilots for coding, support, and document search via APIs; prefer private/custom models. Debate persists over productivity gains versus code quality, technical debt, and security/privacy risks.",26,0.015
297,AI-assisted academic research: speed vs rigor,"Debate on AI-powered literature review and drafting: rapid paper summarization and citation versus lack of understanding, privacy risks, idea plagiarism, and the need for human verification and scholarly judgment.",26,0.015
298,Python/R vs SPSS/SAS for Statistical Analysis,"Advice on selecting tools for data analysis—favoring Python or R over SPSS/SAS/Stata—plus learning resources (Jupyter/Colab, Kaggle), visualization tips, and essential statistics skills; brief note on workflow automation.",26,0.015
299,Art/Design Careers and Skills Debate,"Posts from artists/design students debating craft vs digital tools, AI and outsourcing impacts, and seeking viable career paths in animation, graphic design, UX, and 3D modeling amid education/skill anxieties.",26,0.015
300,Web Dev vs Data Science/ML Choice,"Students confused about choosing web development versus data science/machine learning, asking about job prospects, saturation, skills and roadmaps, fearing FOMO and switching costs, seeking early-career guidance.",26,0.015
301,New grad ML job search and flexibility,"Early-career CS grads exploring entry-level machine learning or software engineering roles, internships, certifications, and strategies for landing flexible or remote positions despite limited experience and health constraints.",26,0.015
302,Anti-Cheating Assessment Strategies,"Instructors discuss in-class handwritten assessments using blue books, multiple test versions, scantron tradeoffs, and managing accommodations to deter cheating while improving student writing, critical thinking, and exam logistics.",25,0.014
303,"AI in LMS: Admin Help, Human Grading","Educators discuss integrating AI (Canvas, SparkSpace) for tedious tasks, due dates, accommodations, and rubric-guided feedback, while rejecting AI-generated grades and insisting on human oversight in assessment.",25,0.014
304,Internship Challenges: Referrals & Unpaid Roles,"Students struggle to secure internships, use referrals to bypass interviews, and face unpaid, data-entry tasks; they seek paid or remote opportunities and advice on fair compensation at small companies.",25,0.014
305,"Learning to Code: Projects, Mental Models, and Motivation","Advocates project-driven, deliberate practice to build mental models; start at right level, embrace debugging struggles, use tools like ChatGPT; seek motivation/accountability over toxic forums.",25,0.014
306,Econometrics-Focused Economics Path to Data Science,"Advice on pursuing an economics/econometrics-heavy curriculum with math and CS to prepare for data analysis roles; emphasizes causal inference, programming skills, and key courses (micro/macro, labor, ML).",25,0.014
307,OpenAI elite hiring vs IBM/Watson backlash,"Discussion contrasting OpenAI’s top-tier SWE pipeline with widespread criticism of IBM Watson and IBM Cloud as overhyped, unreliable, and lagging competitors in AI and cloud.",25,0.014
308,iOS App Dev Learning & Career Outlook,"Beginners discuss learning iOS and app development, market saturation, whether to pursue formal education, self-teaching paths, and gather community experiences on coding as hobby vs job and career outlook.",25,0.014
309,LLM Mechanics and Seeding,"Explains LLMs like ChatGPT: token-based input-output systems with stochastic behavior via seeds, not true knowledge. Highlights future use as natural-language interfaces for data querying over traditional SQL.",25,0.014
310,"AI for Grammar, Not Writing Quality","Writers accept built-in spellcheck/grammar aids but avoid AI for prose or structural edits, citing nuance loss and mistakes; prefer peer review and practice to develop voice and improve writing.",25,0.014
311,Fatigue over AI posts in r/Professors,"Users say AI discussions dominate; urge confining AI posts to weekend/designated threads; note repetition, suspected brigading/bots, and pro‑AI outsiders; want more variety and higher-quality discourse.",25,0.014
